,O2,CO2,Temperature,Salinity,pH,EC50,mhw_peak_intensity,mhw_days
O2,1.0,-0.7324297720905578,-0.784050124933747,-0.3077599541368754,0.7688157795108653,0.530801306666378,-0.20622836506682216,-0.1830892475213276
CO2,-0.7324297720905578,1.0,0.9123435623965643,0.5461611266752479,-0.9801003796687902,-0.8045516987744593,0.38388123268788354,0.349959476407386
Temperature,-0.784050124933747,0.9123435623965643,1.0,0.39627794784151255,-0.918122965094268,-0.6890739759218596,0.33529564391380623,0.3073045572422402
Salinity,-0.3077599541368754,0.5461611266752479,0.39627794784151255,1.0,-0.5287380069011021,-0.4243501822626528,0.35362746589534866,0.35480649032124295
pH,0.7688157795108653,-0.9801003796687902,-0.918122965094268,-0.5287380069011021,1.0,0.8065371177622254,-0.38996039702964475,-0.35687283238833434
EC50,0.530801306666378,-0.8045516987744593,-0.6890739759218596,-0.4243501822626528,0.8065371177622254,1.0,-0.28478641821030487,-0.25266530998251896
mhw_peak_intensity,-0.20622836506682216,0.38388123268788354,0.33529564391380623,0.35362746589534866,-0.38996039702964475,-0.28478641821030487,1.0,0.9227046423394536
mhw_days,-0.1830892475213276,0.349959476407386,0.3073045572422402,0.35480649032124295,-0.35687283238833434,-0.25266530998251896,0.9227046423394536,1.0
