,O2,CO2,Temperature,Salinity,pH,EC50,mhw_peak_intensity,mhw_days
O2,0.0,4.789675792428148e-38,2.3445522833634383e-29,0.24400248858559526,2.501063411900519e-43,1.2446147983066246e-18,0.11739931437885023,0.2743507449827181
CO2,4.789675792428148e-38,0.0,1.0607965204314925e-49,0.14168535256097747,6.11038156232322e-105,1.8597129083366436e-32,0.0014175635790577526,0.02000758628361168
Temperature,2.3445522833634383e-29,1.0607965204314925e-49,0.0,0.018430447734819718,2.6167255471375027e-52,2.824974238480116e-22,0.012450802897090073,0.06433960893491122
Salinity,0.24400248858559526,0.14168535256097747,0.018430447734819718,0.0,0.2343676151854257,0.25450834325719907,0.00020745372878090929,0.0013025038863316149
pH,2.501063411900519e-43,6.11038156232322e-105,2.6167255471375027e-52,0.2343676151854257,0.0,5.0526120808139094e-33,0.00536722603250789,0.05207482167423522
EC50,1.2446147983066246e-18,1.8597129083366436e-32,2.824974238480116e-22,0.25450834325719907,5.0526120808139094e-33,0.0,0.051240053341118676,0.12070509269491869
mhw_peak_intensity,0.11739931437885023,0.0014175635790577526,0.012450802897090073,0.00020745372878090929,0.00536722603250789,0.051240053341118676,0.0,1.445527512926009e-40
mhw_days,0.2743507449827181,0.02000758628361168,0.06433960893491122,0.0013025038863316149,0.05207482167423522,0.12070509269491869,1.445527512926009e-40,0.0
