,O2,CO2,Temperature,Salinity,pH,EC50,mhw_peak_intensity,mhw_days
O2,1.0,-0.7102159872213347,-0.5391624418362385,-0.003576637266476838,0.6584693381484824,0.2523647475519133,-0.27430584805139574,-0.23759510462265196
CO2,-0.7102159872213347,1.0,0.9255573303701644,0.10886172650878533,-0.9739704146121255,-0.5810681297312312,0.3872425779643876,0.33949787961757777
Temperature,-0.5391624418362385,0.9255573303701644,1.0,0.14606569900687547,-0.9566011528578372,-0.6594138481839016,0.35376458016161877,0.2888803115554431
Salinity,-0.003576637266476838,0.10886172650878533,0.14606569900687547,1.0,-0.06296270574345439,0.3385096187235225,0.22731930700836914,0.21112498034552174
pH,0.6584693381484824,-0.9739704146121255,-0.9566011528578372,-0.06296270574345439,1.0,0.6383776651156329,-0.3537785496996128,-0.2959432280292294
EC50,0.2523647475519133,-0.5810681297312312,-0.6594138481839016,0.3385096187235225,0.6383776651156329,1.0,-0.20990627789877123,-0.16773899541923382
mhw_peak_intensity,-0.27430584805139574,0.3872425779643876,0.35376458016161877,0.22731930700836914,-0.3537785496996128,-0.20990627789877123,1.0,0.8636858878232531
mhw_days,-0.23759510462265196,0.33949787961757777,0.2888803115554431,0.21112498034552174,-0.2959432280292294,-0.16773899541923382,0.8636858878232531,1.0
