,O2,CO2,Temperature,Salinity,pH,EC50,mhw_peak_intensity,mhw_days
O2,0.0,1.2175846471232778e-38,1.0869407989513152e-26,0.11835024040064447,1.466658617678143e-43,5.728013804299168e-19,0.0059959183109401905,0.032896143912191665
CO2,1.2175846471232778e-38,0.0,3.2440919959766483e-47,0.1516461835555814,2.1852928093960497e-101,3.1854319193536324e-32,0.00029304923113037225,0.008568369361427245
Temperature,1.0869407989513152e-26,3.2440919959766483e-47,0.0,0.01076077807317224,7.235091984010943e-49,2.256450869241566e-22,0.0008966023786072995,0.010801493138657322
Salinity,0.11835024040064447,0.1516461835555814,0.01076077807317224,0.0,0.22355026838631448,0.2833150686940957,0.0008497314037565668,0.005267913267842512
pH,1.466658617678143e-43,2.1852928093960497e-101,7.235091984010943e-49,0.22355026838631448,0.0,4.010217910156202e-33,0.0010093764029861518,0.020000595875468617
EC50,5.728013804299168e-19,3.1854319193536324e-32,2.256450869241566e-22,0.2833150686940957,4.010217910156202e-33,0.0,0.021389468499607937,0.06706273686641388
mhw_peak_intensity,0.0059959183109401905,0.00029304923113037225,0.0008966023786072995,0.0008497314037565668,0.0010093764029861518,0.021389468499607937,0.0,6.567463404674559e-37
mhw_days,0.032896143912191665,0.008568369361427245,0.010801493138657322,0.005267913267842512,0.020000595875468617,0.06706273686641388,6.567463404674559e-37,0.0
