,O2,CO2,Temperature,Salinity,pH,EC50,mhw_peak_intensity,mhw_days
O2,1.0,-0.7382247933035191,-0.45107092207218485,-0.3269876966720225,0.7682054150625155,0.12142671641824802,-0.06326981110987419,-0.07839944572869328
CO2,-0.7382247933035191,1.0,0.6112780003122193,0.41296487087356193,-0.9854871529967778,-0.5091395809524414,0.1890422024508843,0.1833906705525167
Temperature,-0.45107092207218485,0.6112780003122193,1.0,0.3205345906137456,-0.6146638547244008,-0.6482270515546297,0.3687829860333691,0.3416623978895292
Salinity,-0.3269876966720225,0.41296487087356193,0.3205345906137456,1.0,-0.3927287360192698,-0.21415415001470064,0.22513189214925391,0.23880154872739337
pH,0.7682054150625155,-0.9854871529967778,-0.6146638547244008,-0.3927287360192698,1.0,0.5215374473865261,-0.1938993618183605,-0.1850974234201688
EC50,0.12142671641824802,-0.5091395809524414,-0.6482270515546297,-0.21415415001470064,0.5215374473865261,1.0,-0.3124298532625354,-0.2777943717100061
mhw_peak_intensity,-0.06326981110987419,0.1890422024508843,0.3687829860333691,0.22513189214925391,-0.1938993618183605,-0.3124298532625354,1.0,0.9209089810294123
mhw_days,-0.07839944572869328,0.1833906705525167,0.3416623978895292,0.23880154872739337,-0.1850974234201688,-0.2777943717100061,0.9209089810294123,1.0
