,O2,CO2,Temperature,Salinity,pH,EC50,mhw_peak_intensity,mhw_days
O2,0.0,9.202284196215204e-49,3.0728019135896707e-15,2.677783422697091e-08,5.336264682016719e-55,0.04384172172996118,0.29491681774864276,0.19409572875731176
CO2,9.202284196215204e-49,0.0,1.1395821213616613e-29,8.597819050856112e-13,4.538052754911067e-213,1.3140806275383987e-19,0.0016058295066121303,0.0022217265191256026
Temperature,3.0728019135896707e-15,1.1395821213616613e-29,0.0,5.171780923183082e-08,4.557988737113982e-30,2.7421091733937427e-34,2.562935321246821e-10,5.65554863298153e-09
Salinity,2.677783422697091e-08,8.597819050856112e-13,5.171780923183082e-08,0.0,1.2986306133856283e-11,0.00033926804788465,0.0001621194106001666,6.139248591776627e-05
pH,5.336264682016719e-55,4.538052754911067e-213,4.557988737113982e-30,1.2986306133856283e-11,0.0,1.1834782482177127e-20,0.0012059969267357283,0.0020161779200658578
EC50,0.04384172172996118,1.3140806275383987e-19,2.7421091733937427e-34,0.00033926804788465,1.1834782482177127e-20,0.0,1.1568383995016313e-07,2.776577784548672e-06
mhw_peak_intensity,0.29491681774864276,0.0016058295066121303,2.562935321246821e-10,0.0001621194106001666,0.0012059969267357283,1.1568383995016313e-07,0.0,3.999655731068962e-114
mhw_days,0.19409572875731176,0.0022217265191256026,5.65554863298153e-09,6.139248591776627e-05,0.0020161779200658578,2.776577784548672e-06,3.999655731068962e-114,0.0
