,O2,CO2,Temperature,Salinity,pH,EC50,mhw_peak_intensity,mhw_days
O2,1.0,-0.867730327223949,-0.8001444583456941,-0.12018418439075983,0.8931588654860637,0.698436754330526,-0.18396827683148967,-0.13680738015030183
CO2,-0.867730327223949,1.0,0.9110871780320132,0.1312378274496653,-0.9893977892713883,-0.8332924894558306,0.29799105994340414,0.21922473497837022
Temperature,-0.8001444583456941,0.9110871780320132,1.0,0.2163521688098954,-0.9189614476789929,-0.7435283950935755,0.2475993821517496,0.18667444202952832
Salinity,-0.12018418439075983,0.1312378274496653,0.2163521688098954,1.0,-0.10800840953941004,0.1047709948278753,0.3168465253024704,0.2731045778731929
pH,0.8931588654860637,-0.9893977892713883,-0.9189614476789929,-0.10800840953941004,1.0,0.8388966993847624,-0.2653862087333598,-0.1878321636917297
EC50,0.698436754330526,-0.8332924894558306,-0.7435283950935755,0.1047709948278753,0.8388966993847624,1.0,-0.18333164096406895,-0.14623921425704955
mhw_peak_intensity,-0.18396827683148967,0.29799105994340414,0.2475993821517496,0.3168465253024704,-0.2653862087333598,-0.18333164096406895,1.0,0.8707327919442929
mhw_days,-0.13680738015030183,0.21922473497837022,0.18667444202952832,0.2731045778731929,-0.1878321636917297,-0.14623921425704955,0.8707327919442929,1.0
