,O2,CO2,Temperature,Salinity,pH,EC50,mhw_peak_intensity,mhw_days
O2,0.0,2.055393335082089e-45,3.734513253535383e-56,2.6613094669880764e-07,8.953748187657146e-53,9.428583365413049e-20,3.248258229568343e-05,0.00021514179745603162
CO2,2.055393335082089e-45,0.0,1.0108856180757813e-105,1.4799795361879573e-22,1.0649136411331118e-191,8.378614989249846e-62,6.125826082530807e-13,7.88045069475057e-11
Temperature,3.734513253535383e-56,1.0108856180757813e-105,0.0,1.9093834346052717e-11,1.8243358401719995e-109,2.384397009955175e-38,1.5538538956544817e-10,5.432814381377118e-09
Salinity,2.6613094669880764e-07,1.4799795361879573e-22,1.9093834346052717e-11,0.0,5.225261637494946e-21,4.015306944363792e-13,4.565892300769787e-10,4.679616134230973e-10
pH,8.953748187657146e-53,1.0649136411331118e-191,1.8243358401719995e-109,5.225261637494946e-21,0.0,2.5182868571616533e-62,1.9150087422047142e-13,2.5314499082121354e-11
EC50,9.428583365413049e-20,8.378614989249846e-62,2.384397009955175e-38,4.015306944363792e-13,2.5182868571616533e-62,0.0,1.1568383995016313e-07,2.776577784548672e-06
mhw_peak_intensity,3.248258229568343e-05,6.125826082530807e-13,1.5538538956544817e-10,4.565892300769787e-10,1.9150087422047142e-13,1.1568383995016313e-07,0.0,3.999655731068962e-114
mhw_days,0.00021514179745603162,7.88045069475057e-11,5.432814381377118e-09,4.679616134230973e-10,2.5314499082121354e-11,2.776577784548672e-06,3.999655731068962e-114,0.0
