,O2,CO2,Temperature,Salinity,pH,EC50,mhw_peak_intensity,mhw_days
O2,0.0,2.4044212284824727e-25,1.1902469762140818e-39,0.017220813871705924,2.491109391192934e-32,0.03299304881981692,0.22946821414962654,0.19651630489331995
CO2,2.4044212284824727e-25,0.0,1.361169917901563e-49,0.10752566217287574,2.866172575797855e-73,0.036680769913431374,0.012471484108789592,0.01833721764505191
Temperature,1.1902469762140818e-39,1.361169917901563e-49,0.0,0.8809180150332302,1.3752450980545374e-54,0.001317692669922036,0.03477850055189122,0.042119919162159535
Salinity,0.017220813871705924,0.10752566217287574,0.8809180150332302,0.0,0.35233481390775995,3.2500202396612766e-06,0.3892646889452537,0.25365233253310476
pH,2.491109391192934e-32,2.866172575797855e-73,1.3752450980545374e-54,0.35233481390775995,0.0,0.013379600648150044,0.003193122967945838,0.005430174922005313
EC50,0.03299304881981692,0.036680769913431374,0.001317692669922036,3.2500202396612766e-06,0.013379600648150044,0.0,0.3201459101137248,0.14085546951528002
mhw_peak_intensity,0.22946821414962654,0.012471484108789592,0.03477850055189122,0.3892646889452537,0.003193122967945838,0.3201459101137248,0.0,1.2366915858713654e-71
mhw_days,0.19651630489331995,0.01833721764505191,0.042119919162159535,0.25365233253310476,0.005430174922005313,0.14085546951528002,1.2366915858713654e-71,0.0
