,O2,CO2,Temperature,Salinity,pH,EC50,mhw_peak_intensity,mhw_days
O2,0.0,2.404421228482462e-25,1.1902469762140612e-39,0.017220813871705962,2.491109391192937e-32,0.032993048819816906,0.10941782725936972,0.2638853656948549
CO2,2.404421228482462e-25,0.0,1.361169917901564e-49,0.10752566217287579,2.866172575797937e-73,0.03668076991343138,0.002974014421725872,0.009724665741812962
Temperature,1.1902469762140612e-39,1.361169917901564e-49,0.0,0.8809180150332301,1.3752450980545287e-54,0.0013176926699220372,0.032686947279566655,0.11350481793420975
Salinity,0.017220813871705962,0.10752566217287579,0.8809180150332301,0.0,0.3523348139077598,3.2500202396612787e-06,0.09684514945283595,0.027832471595460172
pH,2.491109391192937e-32,2.866172575797937e-73,1.3752450980545287e-54,0.3523348139077598,0.0,0.013379600648150032,0.0005603499893924671,0.0029944695183143494
EC50,0.032993048819816906,0.03668076991343138,0.0013176926699220372,3.2500202396612787e-06,0.013379600648150032,0.0,0.08695256551800691,0.05649647829966812
mhw_peak_intensity,0.10941782725936972,0.002974014421725872,0.032686947279566655,0.09684514945283595,0.0005603499893924671,0.08695256551800691,0.0,1.7705226040346748e-60
mhw_days,0.2638853656948549,0.009724665741812962,0.11350481793420975,0.027832471595460172,0.0029944695183143494,0.05649647829966812,1.7705226040346748e-60,0.0
