,O2,CO2,Temperature,Salinity,pH,EC50,mhw_peak_intensity,mhw_days
O2,1.0,-0.7027165983464184,0.11879689060394164,-0.19972903494754396,0.6576252344889878,-0.009099750128123234,0.0642523086878255,0.00584832956500378
CO2,-0.7027165983464184,1.0,0.2466657458394321,0.2973876189814494,-0.9773431529215593,-0.34274104661964006,0.0640427219464278,0.10566708435807609
Temperature,0.11879689060394164,0.2466657458394321,1.0,0.004445679451907534,-0.2737635513736372,-0.6208208903396069,0.3511802156327173,0.2844317283435956
Salinity,-0.19972903494754396,0.2973876189814494,0.004445679451907534,1.0,-0.2605363718474259,0.3922131232703986,0.1409331111405354,0.15336400775150535
pH,0.6576252344889878,-0.9773431529215593,-0.2737635513736372,-0.2605363718474259,1.0,0.41091970883912826,-0.03480537152144685,-0.0679587142241064
EC50,-0.009099750128123234,-0.34274104661964006,-0.6208208903396069,0.3922131232703986,0.41091970883912826,1.0,-0.20990627789877123,-0.16773899541923382
mhw_peak_intensity,0.0642523086878255,0.0640427219464278,0.3511802156327173,0.1409331111405354,-0.03480537152144685,-0.20990627789877123,1.0,0.8636858878232531
mhw_days,0.00584832956500378,0.10566708435807609,0.2844317283435956,0.15336400775150535,-0.0679587142241064,-0.16773899541923382,0.8636858878232531,1.0
