,O2,CO2,Temperature,Salinity,pH,EC50,mhw_peak_intensity,mhw_days
O2,1.0,-0.7382247933035191,-0.783364964482738,-0.3269876966720225,0.7682054150625155,0.13313622472335598,-0.06326981110987419,-0.07839944572869328
CO2,-0.7382247933035191,1.0,0.939565002725511,0.41296487087356193,-0.9854871529967778,-0.5147879988996678,0.1890422024508843,0.1833906705525167
Temperature,-0.783364964482738,0.939565002725511,1.0,0.3223157996877791,-0.9421780686258001,-0.39756392004664076,0.1535732105100153,0.1567035890145572
Salinity,-0.3269876966720225,0.41296487087356193,0.3223157996877791,1.0,-0.3927287360192698,-0.23879120663091705,0.22513189214925391,0.23880154872739337
pH,0.7682054150625155,-0.9854871529967778,-0.9421780686258001,-0.3927287360192698,1.0,0.5297012834717301,-0.1938993618183605,-0.1850974234201688
EC50,0.13313622472335598,-0.5147879988996678,-0.39756392004664076,-0.23879120663091705,0.5297012834717301,1.0,-0.31758235408116536,-0.2860256046454953
mhw_peak_intensity,-0.06326981110987419,0.1890422024508843,0.1535732105100153,0.22513189214925391,-0.1938993618183605,-0.31758235408116536,1.0,0.9209089810294123
mhw_days,-0.07839944572869328,0.1833906705525167,0.1567035890145572,0.23880154872739337,-0.1850974234201688,-0.2860256046454953,0.9209089810294123,1.0
