,O2,CO2,Temperature,Salinity,pH,EC50,mhw_peak_intensity,mhw_days
O2,0.0,1.8058529029898625e-52,8.948406041255246e-50,2.282403072218404e-43,2.2584810694224753e-57,0.7134038363644796,0.17207517609292325,0.09006417934187748
CO2,1.8058529029898625e-52,0.0,1.241774867877882e-204,1.1722030760675671e-23,0.0,0.07110683039377139,0.0015230164963137133,0.008596430168718874
Temperature,8.948406041255246e-50,1.241774867877882e-204,0.0,7.36252268217893e-20,3.660689129142053e-207,0.2601816467456162,0.0020057187327515054,0.018006841985912802
Salinity,2.282403072218404e-43,1.1722030760675671e-23,7.36252268217893e-20,0.0,3.1670793342181023e-25,0.02572860947982437,0.007901648293796483,0.002185954176984037
pH,2.2584810694224753e-57,0.0,3.660689129142053e-207,3.1670793342181023e-25,0.0,0.08101645027825366,0.0015305120657019015,0.009236702624385617
EC50,0.7134038363644796,0.07110683039377139,0.2601816467456162,0.02572860947982437,0.08101645027825366,0.0,0.002560780943828421,0.002396788020264669
mhw_peak_intensity,0.17207517609292325,0.0015230164963137133,0.0020057187327515054,0.007901648293796483,0.0015305120657019015,0.002560780943828421,0.0,3.999655731068962e-114
mhw_days,0.09006417934187748,0.008596430168718874,0.018006841985912802,0.002185954176984037,0.009236702624385617,0.002396788020264669,3.999655731068962e-114,0.0
