,O2,CO2,Temperature,Salinity,pH,EC50,mhw_peak_intensity,mhw_days
O2,1.0,-0.8616958525345622,-0.8024454685099845,-0.10497081413210445,0.888043010752688,0.6850506912442396,-0.1407638295382475,-0.09852136038920499
CO2,-0.8616958525345622,1.0,0.912915514592934,0.13219047619047616,-0.9894009216589861,-0.82631643625192,0.28241996165187006,0.20787233052722337
Temperature,-0.8024454685099845,0.912915514592934,1.0,0.21054992319508445,-0.9213517665130568,-0.7324546850998463,0.2229455163848571,0.16597079148181457
Salinity,-0.10497081413210445,0.13219047619047616,0.21054992319508445,1.0,-0.10713364055299537,0.10267895545314898,0.32597548111236535,0.2844879183438286
pH,0.888043010752688,-0.9894009216589861,-0.9213517665130568,-0.10713364055299537,1.0,0.83031643625192,-0.2476170629394114,-0.17416321960591688
EC50,0.6850506912442396,-0.82631643625192,-0.7324546850998463,0.10267895545314898,0.83031643625192,1.0,-0.1747766686787595,-0.13952095210971266
mhw_peak_intensity,-0.1407638295382475,0.28241996165187006,0.2229455163848571,0.32597548111236535,-0.2476170629394114,-0.1747766686787595,1.0,0.8750127905753906
mhw_days,-0.09852136038920499,0.20787233052722337,0.16597079148181457,0.2844879183438286,-0.17416321960591688,-0.13952095210971266,0.8750127905753906,1.0
