,O2,CO2,Temperature,Salinity,pH,EC50,mhw_peak_intensity,mhw_days
O2,0.0,3.7079377047730343e-19,1.0217243574185994e-11,0.028734656748156964,3.3710872479644904e-16,0.8027465557488132,0.4856760514466597,0.9494518004408294
CO2,3.7079377047730343e-19,0.0,3.3996276893323643e-60,0.0009717536685401277,1.9974312851294375e-81,1.5250932535748267e-05,0.48710317060153185,0.2507093522469576
Temperature,1.0217243574185994e-11,3.3996276893323643e-60,0.0,5.520469233012422e-05,9.37888160521102e-77,4.045309404317442e-07,0.6057426229570816,0.4292509331171601
Salinity,0.028734656748156964,0.0009717536685401277,5.520469233012422e-05,0.0,0.004053501136258714,0.000161351574770495,0.12469557223979885,0.09445676707444219
pH,3.3710872479644904e-16,1.9974312851294375e-81,9.37888160521102e-77,0.004053501136258714,0.0,3.8213008038937535e-07,0.7058783267852882,0.4608113368408995
EC50,0.8027465557488132,1.5250932535748267e-05,4.045309404317442e-07,0.000161351574770495,3.8213008038937535e-07,0.0,0.025304730332023545,0.071343864497728
mhw_peak_intensity,0.4856760514466597,0.48710317060153185,0.6057426229570816,0.12469557223979885,0.7058783267852882,0.025304730332023545,0.0,6.567463404674559e-37
mhw_days,0.9494518004408294,0.2507093522469576,0.4292509331171601,0.09445676707444219,0.4608113368408995,0.071343864497728,6.567463404674559e-37,0.0
