,O2,CO2,Temperature,Salinity,pH,EC50,mhw_peak_intensity,mhw_days
O2,0.0,2.404421228482462e-25,1.1902469762140612e-39,0.017220813871705962,2.491109391192937e-32,0.032993048819816906,0.22946821414962673,0.19651630489332006
CO2,2.404421228482462e-25,0.0,1.361169917901564e-49,0.10752566217287579,2.866172575797937e-73,0.03668076991343138,0.012471484108789585,0.01833721764505192
Temperature,1.1902469762140612e-39,1.361169917901564e-49,0.0,0.8809180150332301,1.3752450980545287e-54,0.0013176926699220372,0.034778500551891196,0.042119919162159535
Salinity,0.017220813871705962,0.10752566217287579,0.8809180150332301,0.0,0.3523348139077598,3.2500202396612787e-06,0.3892646889452537,0.2536523325331051
pH,2.491109391192937e-32,2.866172575797937e-73,1.3752450980545287e-54,0.3523348139077598,0.0,0.013379600648150032,0.0031931229679458373,0.005430174922005308
EC50,0.032993048819816906,0.03668076991343138,0.0013176926699220372,3.2500202396612787e-06,0.013379600648150032,0.0,0.3201459101137251,0.14085546951528005
mhw_peak_intensity,0.22946821414962673,0.012471484108789585,0.034778500551891196,0.3892646889452537,0.0031931229679458373,0.3201459101137251,0.0,1.2366915858713527e-71
mhw_days,0.19651630489332006,0.01833721764505192,0.042119919162159535,0.2536523325331051,0.005430174922005308,0.14085546951528005,1.2366915858713527e-71,0.0
