,O2,CO2,Temperature,Salinity,pH,EC50,mhw_peak_intensity,mhw_days
O2,0.0,1.0534137862325895e-19,2.1088138265458024e-10,0.9690736647657662,2.999350218159033e-16,0.005423521931585447,0.0024310441714939885,0.00897483979761068
CO2,1.0534137862325895e-19,0.0,1.3316720183430151e-51,0.23658744706516419,6.516327060912596e-78,3.4559047142486507e-12,1.2461315226934641e-05,0.0001486035996362552
Temperature,2.1088138265458024e-10,1.3316720183430151e-51,0.0,0.11141350440742792,4.9415391476089e-65,2.630605912019947e-16,7.379819552504319e-05,0.0013746957549518302
Salinity,0.9690736647657662,0.23658744706516419,0.11141350440742792,0.0,0.4944925369128752,0.00015579395433427197,0.01252938642562447,0.020629000356660657
pH,2.999350218159033e-16,6.516327060912596e-78,4.9415391476089e-65,0.4944925369128752,0.0,4.389087131665111e-15,7.374641491054049e-05,0.0010314720258710413
EC50,0.005423521931585447,3.4559047142486507e-12,2.630605912019947e-16,0.00015579395433427197,4.389087131665111e-15,0.0,0.021389468499607923,0.06706273686641392
mhw_peak_intensity,0.0024310441714939885,1.2461315226934641e-05,7.379819552504319e-05,0.01252938642562447,7.374641491054049e-05,0.021389468499607923,0.0,6.567463404674632e-37
mhw_days,0.00897483979761068,0.0001486035996362552,0.0013746957549518302,0.020629000356660657,0.0010314720258710413,0.06706273686641392,6.567463404674632e-37,0.0
