,O2,CO2,Temperature,Salinity,pH,EC50,mhw_peak_intensity,mhw_days
O2,0.0,9.202284196215204e-49,1.5939034535472197e-58,2.677783422697091e-08,5.336264682016719e-55,0.026991449619252116,0.29491681774864276,0.19409572875731176
CO2,9.202284196215204e-49,0.0,1.4506174965102158e-129,8.597819050856112e-13,4.538052754911067e-213,4.442260969962417e-20,0.0016058295066121303,0.0022217265191256026
Temperature,1.5939034535472197e-58,1.4506174965102158e-129,0.0,4.319189755345593e-08,4.079635164242281e-132,6.901936502527831e-12,0.01062047016723423,0.00911608128087492
Salinity,2.677783422697091e-08,8.597819050856112e-13,4.319189755345593e-08,0.0,1.2986306133856283e-11,6.143895165372561e-05,0.0001621194106001666,6.139248591776627e-05
pH,5.336264682016719e-55,4.538052754911067e-213,4.079635164242281e-132,1.2986306133856283e-11,0.0,2.296201996432787e-21,0.0012059969267357283,0.0020161779200658578
EC50,0.026991449619252116,4.442260969962417e-20,6.901936502527831e-12,6.143895165372561e-05,2.296201996432787e-21,0.0,6.953457822278746e-08,1.3546423629672617e-06
mhw_peak_intensity,0.29491681774864276,0.0016058295066121303,0.01062047016723423,0.0001621194106001666,0.0012059969267357283,6.953457822278746e-08,0.0,3.999655731068962e-114
mhw_days,0.19409572875731176,0.0022217265191256026,0.00911608128087492,6.139248591776627e-05,0.0020161779200658578,1.3546423629672617e-06,3.999655731068962e-114,0.0
