,O2,CO2,Temperature,Salinity,pH,EC50,mhw_peak_intensity,mhw_days
O2,1.0,-0.7384038469770694,-0.7771641386395742,-0.37593413335996917,0.7715352235270615,0.38213495811988984,-0.28719054617355966,-0.2745547435139587
CO2,-0.7384038469770694,1.0,0.937495184144062,0.4521647807536993,-0.9856280589603459,-0.757687818381587,0.4062614397547066,0.372138877979154
Temperature,-0.7771641386395742,0.937495184144062,1.0,0.35912672478988605,-0.937486051854283,-0.6498406130049514,0.3674323046651692,0.3406539474843765
Salinity,-0.37593413335996917,0.4521647807536993,0.35912672478988605,1.0,-0.43810562063897496,-0.2570020404959975,0.27636175668288365,0.2858562808776168
pH,0.7715352235270615,-0.9856280589603459,-0.937486051854283,-0.43810562063897496,1.0,0.773476405873204,-0.4120827819157697,-0.37532246450335494
EC50,0.38213495811988984,-0.757687818381587,-0.6498406130049514,-0.2570020404959975,0.773476405873204,1.0,-0.3124298532625354,-0.2777943717100061
mhw_peak_intensity,-0.28719054617355966,0.4062614397547066,0.3674323046651692,0.27636175668288365,-0.4120827819157697,-0.3124298532625354,1.0,0.9209089810294123
mhw_days,-0.2745547435139587,0.372138877979154,0.3406539474843765,0.2858562808776168,-0.37532246450335494,-0.2777943717100061,0.9209089810294123,1.0
