,O2,CO2,Temperature,Salinity,pH,EC50,mhw_peak_intensity,mhw_days
O2,1.0,-0.8732203625251752,-0.7886867143551635,-0.1433293978748524,0.8966108757552607,0.7000694492673101,-0.24948896380494506,-0.19491541134374268
CO2,-0.8732203625251752,1.0,0.9110077088686713,0.13168970067365787,-0.9896659490242375,-0.8337592888395027,0.3249663775868605,0.23899011847344456
Temperature,-0.7886867143551635,0.9110077088686713,1.0,0.23205778179040207,-0.9168067226890755,-0.7437044239183276,0.29932529059876023,0.23194125755483003
Salinity,-0.1433293978748524,0.13168970067365787,0.23205778179040207,1.0,-0.11193138412389747,0.0987360233349538,0.3006104880942139,0.2531932569744615
pH,0.8966108757552607,-0.9896659490242375,-0.9168067226890755,-0.11193138412389747,1.0,0.8400236127508853,-0.2964685200789746,-0.21216157753943563
EC50,0.7000694492673101,-0.8337592888395027,-0.7437044239183276,0.0987360233349538,0.8400236127508853,1.0,-0.20990627789877123,-0.16773899541923382
mhw_peak_intensity,-0.24948896380494506,0.3249663775868605,0.29932529059876023,0.3006104880942139,-0.2964685200789746,-0.20990627789877123,1.0,0.8636858878232531
mhw_days,-0.19491541134374268,0.23899011847344456,0.23194125755483003,0.2531932569744615,-0.21216157753943563,-0.16773899541923382,0.8636858878232531,1.0
