,O2,CO2,Temperature,Salinity,pH,EC50,mhw_peak_intensity,mhw_days
O2,1.0,-0.8616958525345622,-0.8061751152073732,-0.10497081413210445,0.888043010752688,0.6850506912442396,-0.3751540768987444,-0.2866879677448715
CO2,-0.8616958525345622,1.0,0.9098986175115207,0.13219047619047616,-0.9894009216589861,-0.82631643625192,0.4241107905633432,0.32139496689995245
Temperature,-0.8061751152073732,0.9098986175115207,1.0,0.2078586789554531,-0.9187711213517664,-0.7352688172043009,0.3704007287245387,0.2903236154847727
Salinity,-0.10497081413210445,0.13219047619047616,0.2078586789554531,1.0,-0.10713364055299537,0.10267895545314898,0.24856961168404323,0.09971003317248255
pH,0.888043010752688,-0.9894009216589861,-0.9187711213517664,-0.10713364055299537,1.0,0.83031643625192,-0.40668082039506354,-0.3016166725256214
EC50,0.6850506912442396,-0.82631643625192,-0.7352688172043009,0.10267895545314898,0.83031643625192,1.0,-0.29379881317055473,-0.26026233782570823
mhw_peak_intensity,-0.3751540768987444,0.4241107905633432,0.3704007287245387,0.24856961168404323,-0.40668082039506354,-0.29379881317055473,1.0,0.8015007888039741
mhw_days,-0.2866879677448715,0.32139496689995245,0.2903236154847727,0.09971003317248255,-0.3016166725256214,-0.26026233782570823,0.8015007888039741,1.0
