,O2,CO2,Temperature,Salinity,pH,EC50,mhw_peak_intensity,mhw_days
O2,0.0,3.7079377047730343e-19,0.19624804207287416,0.028734656748156964,3.3710872479644904e-16,0.9214229733181564,0.4856760514466597,0.9494518004408294
CO2,3.7079377047730343e-19,0.0,0.006609498801555863,0.0009717536685401277,1.9974312851294375e-81,0.0001271163587566832,0.48710317060153185,0.2507093522469576
Temperature,0.19624804207287416,0.006609498801555863,0.0,0.9615644425426363,0.002481724140530691,3.9147580628153786e-14,8.398378014416732e-05,0.0016412365617311003
Salinity,0.028734656748156964,0.0009717536685401277,0.9615644425426363,0.0,0.004053501136258714,9.407495229386243e-06,0.12469557223979885,0.09445676707444219
pH,3.3710872479644904e-16,1.9974312851294375e-81,0.002481724140530691,0.004053501136258714,0.0,3.132945049756722e-06,0.7058783267852882,0.4608113368408995
EC50,0.9214229733181564,0.0001271163587566832,3.9147580628153786e-14,9.407495229386243e-06,3.132945049756722e-06,0.0,0.021389468499607937,0.06706273686641388
mhw_peak_intensity,0.4856760514466597,0.48710317060153185,8.398378014416732e-05,0.12469557223979885,0.7058783267852882,0.021389468499607937,0.0,6.567463404674559e-37
mhw_days,0.9494518004408294,0.2507093522469576,0.0016412365617311003,0.09445676707444219,0.4608113368408995,0.06706273686641388,6.567463404674559e-37,0.0
