,O2,CO2,Temperature,Salinity,pH,EC50,mhw_peak_intensity,mhw_days
O2,0.0,5.235942625521233e-30,9.846689153363212e-30,6.171119342636151e-09,2.1830715981687397e-36,0.2549808273390807,0.4238568652490535,0.3255277792565028
CO2,5.235942625521233e-30,0.0,5.280774084814064e-64,0.00022989863731695556,6.907961745854864e-97,0.0002734716693943239,0.01959881313323575,0.031150029709991284
Temperature,9.846689153363212e-30,5.280774084814064e-64,0.0,0.04778931840841621,6.398008409574204e-62,0.00018825284296758004,0.045848963512304594,0.04541625540818661
Salinity,6.171119342636151e-09,0.00022989863731695556,0.04778931840841621,0.0,0.0010914803516551283,0.00033565001666833197,0.6140390738232729,0.4583325023444176
pH,2.1830715981687397e-36,6.907961745854864e-97,6.398008409574204e-62,0.0010914803516551283,0.0,0.0001051398843720266,0.009096881925791632,0.01632929804113542
EC50,0.2549808273390807,0.0002734716693943239,0.00018825284296758004,0.00033565001666833197,0.0001051398843720266,0.0,0.3201459101137251,0.14085546951528005
mhw_peak_intensity,0.4238568652490535,0.01959881313323575,0.045848963512304594,0.6140390738232729,0.009096881925791632,0.3201459101137251,0.0,1.2366915858713527e-71
mhw_days,0.3255277792565028,0.031150029709991284,0.04541625540818661,0.4583325023444176,0.01632929804113542,0.14085546951528005,1.2366915858713527e-71,0.0
