,O2,CO2,Temperature,Salinity,pH,EC50,mhw_peak_intensity,mhw_days
O2,1.0,-0.7202186041865842,-0.7733046046717371,-0.3037793410482157,0.7580005993065168,0.5108796963513649,-0.24734633208552373,-0.22098909462356817
CO2,-0.7202186041865842,1.0,0.9083203721408085,0.5428763858963199,-0.979149840898389,-0.7964509638846479,0.4153983324396779,0.3784862716139629
Temperature,-0.7733046046717371,0.9083203721408085,1.0,0.3897410139695495,-0.9141701745123502,-0.6769640844166037,0.3729396104538795,0.34203161360992973
Salinity,-0.3037793410482157,0.5428763858963199,0.3897410139695495,1.0,-0.5256351935617358,-0.41840327620895823,0.3639114340295157,0.36370205901753266
pH,0.7580005993065168,-0.979149840898389,-0.9141701745123502,-0.5256351935617358,1.0,0.7984497938100199,-0.42359931992463673,-0.3875359527088791
EC50,0.5108796963513649,-0.7964509638846479,-0.6769640844166037,-0.41840327620895823,0.7984497938100199,1.0,-0.3124298532625354,-0.2777943717100061
mhw_peak_intensity,-0.24734633208552373,0.4153983324396779,0.3729396104538795,0.3639114340295157,-0.42359931992463673,-0.3124298532625354,1.0,0.9209089810294123
mhw_days,-0.22098909462356817,0.3784862716139629,0.34203161360992973,0.36370205901753266,-0.3875359527088791,-0.2777943717100061,0.9209089810294123,1.0
