,O2,CO2,Temperature,Salinity,pH,EC50,mhw_peak_intensity,mhw_days
O2,1.0,-0.7548608367182438,-0.7525216924025224,-0.44443425898120775,0.8026552448989268,-0.0916849741587773,-0.06448300825101447,-0.07922932857806272
CO2,-0.7548608367182438,1.0,0.9186736419528693,0.29086627364827483,-0.970356087306981,-0.2875061244487995,0.18672003277996277,0.17264086765152337
Temperature,-0.7525216924025224,0.9186736419528693,1.0,0.1587362298683441,-0.9132051018634129,-0.29468476869339827,0.16012515070267175,0.1604415533695632
Salinity,-0.44443425898120775,0.29086627364827483,0.1587362298683441,1.0,-0.25907919900112214,0.2834853250304247,0.04068813258222442,0.05980294911213047
pH,0.8026552448989268,-0.970356087306981,-0.9132051018634129,-0.25907919900112214,1.0,0.3055206966856854,-0.2082189722444949,-0.1920231042810033
EC50,-0.0916849741587773,-0.2875061244487995,-0.29468476869339827,0.2834853250304247,0.3055206966856854,1.0,0.08011263711819562,0.11844052734191998
mhw_peak_intensity,-0.06448300825101447,0.18672003277996277,0.16012515070267175,0.04068813258222442,-0.2082189722444949,0.08011263711819562,1.0,0.9358239815050577
mhw_days,-0.07922932857806272,0.17264086765152337,0.1604415533695632,0.05980294911213047,-0.1920231042810033,0.11844052734191998,0.9358239815050577,1.0
