,O2,CO2,Temperature,Salinity,pH,EC50,mhw_peak_intensity,mhw_days
O2,1.0,-0.7112199902008817,-0.8229394193232284,-0.19049169445717626,0.7736624994073114,0.17082707717595738,-0.09676766907209045,-0.10396167698556256
CO2,-0.7112199902008817,1.0,0.8718148914984747,0.1293546806593858,-0.9389831044238276,-0.16744163992982566,0.19962906355848947,0.18866824871062782
Temperature,-0.8229394193232284,0.8718148914984747,1.0,-0.012090847307613282,-0.8906734522925193,-0.25496040840195344,0.16915007888001024,0.16293827219930582
Salinity,-0.19049169445717626,0.1293546806593858,-0.012090847307613282,1.0,-0.07496325330720235,0.3627886393450396,0.0694063240814983,0.0919406997628697
pH,0.7736624994073114,-0.9389831044238276,-0.8906734522925193,-0.07496325330720235,1.0,0.19767033870177486,-0.23465158514644743,-0.22161293041171526
EC50,0.17082707717595738,-0.16744163992982566,-0.25496040840195344,0.3627886393450396,0.19767033870177486,1.0,0.08011263711819562,0.11844052734191998
mhw_peak_intensity,-0.09676766907209045,0.19962906355848947,0.16915007888001024,0.0694063240814983,-0.23465158514644743,0.08011263711819562,1.0,0.9358239815050577
mhw_days,-0.10396167698556256,0.18866824871062782,0.16293827219930582,0.0919406997628697,-0.22161293041171526,0.11844052734191998,0.9358239815050577,1.0
