,O2,CO2,Temperature,Salinity,pH,EC50,mhw_peak_intensity,mhw_days
O2,0.0,4.789675792428208e-38,8.208064146523299e-30,0.24400248858559528,2.5010634119005344e-43,1.2446147983066234e-18,1.6271142683681165e-05,0.0011894951572309063
CO2,4.789675792428208e-38,0.0,7.843526416668313e-49,0.14168535256097747,6.110381562323047e-105,1.8597129083366242e-32,8.275401314724524e-07,0.00025752283132116706
Temperature,8.208064146523299e-30,7.843526416668313e-49,0.0,0.020015916410100087,1.7594487002288676e-51,1.6230191748306673e-22,2.1201459536852316e-05,0.0010221956442667097
Salinity,0.24400248858559528,0.14168535256097747,0.020015916410100087,0.0,0.2343676151854258,0.2545083432571991,0.005187016854526794,0.26857411139161286
pH,2.5010634119005344e-43,6.110381562323047e-105,1.7594487002288676e-51,0.2343676151854258,0.0,5.0526120808138896e-33,2.523785811837874e-06,0.0006302177509814057
EC50,1.2446147983066234e-18,1.8597129083366242e-32,1.6230191748306673e-22,0.2545083432571991,5.0526120808138896e-33,0.0,0.0008826717949126015,0.00337569302662784
mhw_peak_intensity,1.6271142683681165e-05,8.275401314724524e-07,2.1201459536852316e-05,0.005187016854526794,2.523785811837874e-06,0.0008826717949126015,0.0,3.047697800218996e-29
mhw_days,0.0011894951572309063,0.00025752283132116706,0.0010221956442667097,0.26857411139161286,0.0006302177509814057,0.00337569302662784,3.047697800218996e-29,0.0
