,O2,CO2,Temperature,Salinity,pH,EC50,mhw_peak_intensity,mhw_days
O2,0.0,8.272935329484918e-39,6.052610564793384e-29,0.1994297964746548,6.129686614980336e-45,3.6343066201335575e-19,0.044978658215657094,0.13910346195003662
CO2,8.272935329484918e-39,0.0,6.899337921114654e-48,0.1626705292343307,4.333631137778792e-99,4.512109492188237e-33,0.001107854196528759,0.01839803100926846
Temperature,6.052610564793384e-29,6.899337921114654e-48,0.0,0.022825952295268428,4.483704202564828e-51,1.199381361982174e-22,0.009593392897778804,0.05428480119934525
Salinity,0.1994297964746548,0.1626705292343307,0.022825952295268428,0.0,0.27770070507929134,0.24263974063950536,0.0003417274048257336,0.0021407718817101616
pH,6.129686614980336e-45,4.333631137778792e-99,4.483704202564828e-51,0.27770070507929134,0.0,1.1877104055741531e-33,0.0054863506765998995,0.056825661223655566
EC50,3.6343066201335575e-19,4.512109492188237e-33,1.199381361982174e-22,0.24263974063950536,1.1877104055741531e-33,0.0,0.042384710639315884,0.10652723629049954
mhw_peak_intensity,0.044978658215657094,0.001107854196528759,0.009593392897778804,0.0003417274048257336,0.0054863506765998995,0.042384710639315884,0.0,4.172571748756721e-39
mhw_days,0.13910346195003662,0.01839803100926846,0.05428480119934525,0.0021407718817101616,0.056825661223655566,0.10652723629049954,4.172571748756721e-39,0.0
