,O2,CO2,Temperature,Salinity,pH,EC50,mhw_peak_intensity,mhw_days
O2,1.0,-0.7324297720905578,-0.7845271446959945,-0.3077599541368754,0.7688157795108653,0.530801306666378,-0.34988869534429196,-0.3080622312497657
CO2,-0.7324297720905578,1.0,0.9120634079330223,0.5461611266752479,-0.9801003796687902,-0.8045516987744593,0.49521310137023344,0.4815956160249578
Temperature,-0.7845271446959945,0.9120634079330223,1.0,0.39608703176886717,-0.9179569276033269,-0.6894633798094083,0.4412845384816109,0.4134497527419992
Salinity,-0.3077599541368754,0.5461611266752479,0.39608703176886717,1.0,-0.5287380069011021,-0.4243501822626528,0.40680522620010034,0.4089876133450657
pH,0.7688157795108653,-0.9801003796687902,-0.9179569276033269,-0.5287380069011021,1.0,0.8065371177622254,-0.5053274738082939,-0.48714376224253714
EC50,0.530801306666378,-0.8045516987744593,-0.6894633798094083,-0.4243501822626528,0.8065371177622254,1.0,-0.3675744172205836,-0.35927291836774033
mhw_peak_intensity,-0.34988869534429196,0.49521310137023344,0.4412845384816109,0.40680522620010034,-0.5053274738082939,-0.3675744172205836,1.0,0.9032229940234567
mhw_days,-0.3080622312497657,0.4815956160249578,0.4134497527419992,0.4089876133450657,-0.48714376224253714,-0.35927291836774033,0.9032229940234567,1.0
