,O2,CO2,Temperature,Salinity,pH,EC50,mhw_peak_intensity,mhw_days
O2,0.0,1.738093840389996e-20,3.981541603087779e-18,1.9458434072594578e-16,2.415107482387876e-22,0.7988067800674484,0.15557180210154475,0.3001350898753073
CO2,1.738093840389996e-20,0.0,1.8617735468075167e-76,7.864036223140816e-11,1.404371159299182e-120,0.8928479222309881,0.009794122753464458,0.18051645759610388
Temperature,3.981541603087779e-18,1.8617735468075167e-76,0.0,3.660784753981539e-09,3.693013803046355e-76,0.8995692007064706,0.00803911500582119,0.21899053725601839
Salinity,1.9458434072594578e-16,7.864036223140816e-11,3.660784753981539e-09,0.0,2.2906195002555163e-11,0.20768210627861902,0.039597700095282844,0.03184752322601604
pH,2.415107482387876e-22,1.404371159299182e-120,3.693013803046355e-76,2.2906195002555163e-11,0.0,0.7991194675299421,0.011993012802655738,0.1983316337016707
EC50,0.7988067800674484,0.8928479222309881,0.8995692007064706,0.20768210627861902,0.7991194675299421,0.0,0.96786947400204,0.5447661413733131
mhw_peak_intensity,0.15557180210154475,0.009794122753464458,0.00803911500582119,0.039597700095282844,0.011993012802655738,0.96786947400204,0.0,6.567463404674559e-37
mhw_days,0.3001350898753073,0.18051645759610388,0.21899053725601839,0.03184752322601604,0.1983316337016707,0.5447661413733131,6.567463404674559e-37,0.0
