,O2,CO2,Temperature,Salinity,pH,EC50,mhw_peak_intensity,mhw_days
O2,0.0,1.3055400758124267e-32,7.052779058083626e-33,1.313307544874043e-31,7.073441077029417e-36,0.9240503915222118,0.4905523525534182,0.1556364693613657
CO2,1.3055400758124267e-32,0.0,5.155958927419115e-133,1.404645527792803e-13,1.6881289048113283e-189,0.5075583065763598,0.06618565635896011,0.040000317374884256
Temperature,7.052779058083626e-33,5.155958927419115e-133,0.0,4.773298768267422e-12,1.8903824404503883e-138,0.533366397438247,0.0641577660104225,0.04133791004142364
Salinity,1.313307544874043e-31,1.404645527792803e-13,4.773298768267422e-12,0.0,1.972866974379448e-14,0.9525718778418105,0.4779360818476866,0.21107464879646776
pH,7.073441077029417e-36,1.6881289048113283e-189,1.8903824404503883e-138,1.972866974379448e-14,0.0,0.5216097965780836,0.0720056808141891,0.04190808215866694
EC50,0.9240503915222118,0.5075583065763598,0.533366397438247,0.9525718778418105,0.5216097965780836,0.0,0.09887734151119472,0.17182664240511214
mhw_peak_intensity,0.4905523525534182,0.06618565635896011,0.0641577660104225,0.4779360818476866,0.0720056808141891,0.09887734151119472,0.0,1.2366915858713654e-71
mhw_days,0.1556364693613657,0.040000317374884256,0.04133791004142364,0.21107464879646776,0.04190808215866694,0.17182664240511214,1.2366915858713654e-71,0.0
