,O2,CO2,Temperature,Salinity,pH,EC50,mhw_peak_intensity,mhw_days
O2,0.0,8.495904340051063e-49,4.761674163132027e-57,1.0787367707587447e-10,9.471273878814166e-56,5.0064258977992164e-11,1.221529941145088e-06,3.659816742203222e-06
CO2,8.495904340051063e-49,0.0,1.2664738933403014e-127,2.5862519764973793e-15,1.20374696332906e-213,1.0433889461861738e-52,2.1569346722304923e-12,1.7120531433461937e-10
Temperature,4.761674163132027e-57,1.2664738933403014e-127,0.0,7.975760264757478e-10,1.2912561037570048e-127,1.6660900383346744e-34,3.0108749627295884e-10,6.3098647945943365e-09
Salinity,1.0787367707587447e-10,2.5862519764973793e-15,7.975760264757478e-10,0.0,2.2632279238130763e-14,1.53855897872453e-05,3.1386428573035354e-06,1.375108778498268e-06
pH,9.471273878814166e-56,1.20374696332906e-213,1.2912561037570048e-127,2.2632279238130763e-14,0.0,3.410317250906425e-56,9.715412301476136e-13,1.1625774683893336e-10
EC50,5.0064258977992164e-11,1.0433889461861738e-52,1.6660900383346744e-34,1.53855897872453e-05,3.410317250906425e-56,0.0,1.1568383995016317e-07,2.7765777845486653e-06
mhw_peak_intensity,1.221529941145088e-06,2.1569346722304923e-12,3.0108749627295884e-10,3.1386428573035354e-06,9.715412301476136e-13,1.1568383995016317e-07,0.0,3.999655731068804e-114
mhw_days,3.659816742203222e-06,1.7120531433461937e-10,6.3098647945943365e-09,1.375108778498268e-06,1.1625774683893336e-10,2.7765777845486653e-06,3.999655731068804e-114,0.0
