,O2,CO2,Temperature,Salinity,pH,EC50,mhw_peak_intensity,mhw_days
O2,0.0,1.5239423443579257e-38,1.241493003991987e-28,0.18546902112392677,8.247577504099648e-44,2.7056495713300593e-19,0.04166067179295139,0.13132966929891113
CO2,1.5239423443579257e-38,0.0,2.1339602701643777e-48,0.14792420853620217,2.974033890455349e-103,6.18188529758424e-33,0.0008153672533581155,0.014842175194101739
Temperature,1.241493003991987e-28,2.1339602701643777e-48,0.0,0.016238903555506345,9.932518094182809e-51,6.90039957648035e-23,0.005760672396703954,0.038697365204863964
Salinity,0.18546902112392677,0.14792420853620217,0.016238903555506345,0.0,0.23439141382410886,0.24879566807991813,0.00035620400692573114,0.0022410876922243418
pH,8.247577504099648e-44,2.974033890455349e-103,9.932518094182809e-51,0.23439141382410886,0.0,9.332643685365354e-34,0.0030110283837893157,0.0374847695102885
EC50,2.7056495713300593e-19,6.18188529758424e-33,6.90039957648035e-23,0.24879566807991813,9.332643685365354e-34,0.0,0.042384710639315884,0.10652723629049954
mhw_peak_intensity,0.04166067179295139,0.0008153672533581155,0.005760672396703954,0.00035620400692573114,0.0030110283837893157,0.042384710639315884,0.0,4.172571748756721e-39
mhw_days,0.13132966929891113,0.014842175194101739,0.038697365204863964,0.0022410876922243418,0.0374847695102885,0.10652723629049954,4.172571748756721e-39,0.0
