,O2,CO2,Temperature,Salinity,pH,EC50,mhw_peak_intensity,mhw_days
O2,1.0,-0.7755956171838816,-0.7616624227512016,-0.7270377946898602,0.7962634470130464,0.030442045449404494,-0.0856100776741918,-0.10616115791590862
CO2,-0.7755956171838816,1.0,0.9874095356646595,0.5730495889300602,-0.9985648737841594,-0.14878788019066272,0.1975401001924546,0.1642409442513809
Temperature,-0.7616624227512016,0.9874095356646595,1.0,0.528972590981918,-0.987800411993591,-0.09314188673344274,0.1922233879555872,0.1477530646592355
Salinity,-0.7270377946898602,0.5730495889300602,0.528972590981918,1.0,-0.5882588979171435,-0.18332600678432037,0.16567715881033723,0.19065672695028013
pH,0.7962634470130464,-0.9985648737841594,-0.987800411993591,-0.5882588979171435,1.0,0.14389590438213984,-0.19707080447835695,-0.16241111732533267
EC50,0.030442045449404494,-0.14878788019066272,-0.09314188673344274,-0.18332600678432037,0.14389590438213984,1.0,-0.23836946716326174,-0.23990471013791373
mhw_peak_intensity,-0.0856100776741918,0.1975401001924546,0.1922233879555872,0.16567715881033723,-0.19707080447835695,-0.23836946716326174,1.0,0.9209089810294123
mhw_days,-0.10616115791590862,0.1642409442513809,0.1477530646592355,0.19065672695028013,-0.16241111732533267,-0.23990471013791373,0.9209089810294123,1.0
