,O2,CO2,Temperature,Salinity,pH,EC50,mhw_peak_intensity,mhw_days
O2,0.0,1.7087968897307293e-48,7.5670080834887e-60,1.407069425695404e-07,4.12813785556105e-56,7.950794984161934e-22,1.631993476885245e-09,1.366022767419274e-07
CO2,1.7087968897307293e-48,0.0,5.007776347065012e-110,2.99701253474514e-23,5.809363258709964e-198,4.313483667865363e-65,8.589754056748007e-19,1.0096237339139276e-17
Temperature,7.5670080834887e-60,5.007776347065012e-110,0.0,5.422868729415005e-12,4.791871416294368e-114,5.744364351422832e-41,8.063900735865833e-15,4.986750048724551e-13
Salinity,1.407069425695404e-07,2.99701253474514e-23,5.422868729415005e-12,0.0,1.2194990331235768e-21,1.0372483914385075e-13,1.2634361501493442e-12,9.331054030760083e-13
pH,4.12813785556105e-56,5.809363258709964e-198,4.791871416294368e-114,1.2194990331235768e-21,0.0,1.207290267539783e-65,1.2812505489327955e-19,3.74875586149662e-18
EC50,7.950794984161934e-22,4.313483667865363e-65,5.744364351422832e-41,1.0372483914385075e-13,1.207290267539783e-65,0.0,2.0416938807518383e-10,5.503372835377187e-10
mhw_peak_intensity,1.631993476885245e-09,8.589754056748007e-19,8.063900735865833e-15,1.2634361501493442e-12,1.2812505489327955e-19,2.0416938807518383e-10,0.0,1.685135320369953e-104
mhw_days,1.366022767419274e-07,1.0096237339139276e-17,4.986750048724551e-13,9.331054030760083e-13,3.74875586149662e-18,5.503372835377187e-10,1.685135320369953e-104,0.0
