,O2,CO2,Temperature,Salinity,pH,EC50,mhw_peak_intensity,mhw_days
O2,0.0,2.722400352552692e-47,2.2568196709652268e-58,1.820379646503283e-07,8.266821808968646e-55,4.3370433083576786e-21,0.00017660019114962468,0.0008684043748873815
CO2,2.722400352552692e-47,0.0,2.3477223253910923e-108,5.861677532328277e-23,1.867078777746962e-195,6.778986702892406e-64,6.442450748174498e-12,5.156264667395994e-10
Temperature,2.2568196709652268e-58,2.3477223253910923e-108,0.0,9.230014332312237e-12,2.895500043298136e-112,5.057797619783416e-40,2.0399760832591323e-09,4.6087151468218796e-08
Salinity,1.820379646503283e-07,5.861677532328277e-23,9.230014332312237e-12,0.0,2.2722516050657515e-21,1.903181347220761e-13,7.560096695805761e-10,7.020659257545293e-10
pH,8.266821808968646e-55,1.867078777746962e-195,2.895500043298136e-112,2.2722516050657515e-21,0.0,1.9434936633064612e-64,2.572442688984055e-12,2.0625033600868488e-10
EC50,4.3370433083576786e-21,6.778986702892406e-64,5.057797619783416e-40,1.903181347220761e-13,1.9434936633064612e-64,0.0,5.338606516951184e-07,9.483716571288196e-06
mhw_peak_intensity,0.00017660019114962468,6.442450748174498e-12,2.0399760832591323e-09,7.560096695805761e-10,2.572442688984055e-12,5.338606516951184e-07,0.0,3.69107718520998e-116
mhw_days,0.0008684043748873815,5.156264667395994e-10,4.6087151468218796e-08,7.020659257545293e-10,2.0625033600868488e-10,9.483716571288196e-06,3.69107718520998e-116,0.0
