,O2,CO2,Temperature,Salinity,pH,EC50,mhw_peak_intensity,mhw_days
O2,1.0,-0.7600195982361586,-0.758903763177443,-0.4567274106620726,0.800970428790441,-0.03384488944382102,-0.07055601845145,-0.08315980673577636
CO2,-0.7600195982361586,1.0,0.9184397275212972,0.3258238371449795,-0.9696322169714402,-0.3147539947211202,0.18508353088399548,0.17214470216979944
Temperature,-0.758903763177443,0.9184397275212972,1.0,0.1866510723712285,-0.9125160025920247,-0.3006717137393118,0.1651589476738116,0.16494235697424062
Salinity,-0.4567274106620726,0.3258238371449795,0.1866510723712285,1.0,-0.2846011600891403,0.17725656303835877,0.03797443956486096,0.05531450550165968
pH,0.800970428790441,-0.9696322169714402,-0.9125160025920247,-0.2846011600891403,1.0,0.3405541243223594,-0.2080981334969024,-0.19266405826629088
EC50,-0.03384488944382102,-0.3147539947211202,-0.3006717137393118,0.17725656303835877,0.3405541243223594,1.0,0.06914047883679476,0.1003684500983446
mhw_peak_intensity,-0.07055601845145,0.18508353088399548,0.1651589476738116,0.03797443956486096,-0.2080981334969024,0.06914047883679476,1.0,0.9358239815050577
mhw_days,-0.08315980673577636,0.17214470216979944,0.16494235697424062,0.05531450550165968,-0.19266405826629088,0.1003684500983446,0.9358239815050577,1.0
