,O2,CO2,Temperature,Salinity,pH,EC50,mhw_peak_intensity,mhw_days
O2,0.0,1.7087968897307208e-48,9.930313690944998e-60,1.4070694256954058e-07,4.128137855561047e-56,7.950794984161925e-22,0.0005031387047646481,0.0020593015946078533
CO2,1.7087968897307208e-48,0.0,3.2739174269603805e-110,2.99701253474514e-23,5.809363258710057e-198,4.313483667865409e-65,2.676088281822486e-11,1.6188823489410103e-09
Temperature,9.930313690944998e-60,3.2739174269603805e-110,0.0,5.286366685565266e-12,3.6554298477607776e-114,6.628895825592701e-41,8.252816289003043e-09,1.47115663124547e-07
Salinity,1.4070694256954058e-07,2.99701253474514e-23,5.286366685565266e-12,0.0,1.2194990331235605e-21,1.0372483914384984e-13,1.0628788686063174e-09,9.27359101006366e-10
pH,4.128137855561047e-56,5.809363258710057e-198,3.6554298477607776e-114,1.2194990331235605e-21,0.0,1.207290267539784e-65,1.2183778499834488e-11,7.291936677703674e-10
EC50,7.950794984161925e-22,4.313483667865409e-65,6.628895825592701e-41,1.0372483914384984e-13,1.207290267539784e-65,0.0,1.213113284133639e-06,1.816637207531602e-05
mhw_peak_intensity,0.0005031387047646481,2.676088281822486e-11,8.252816289003043e-09,1.0628788686063174e-09,1.2183778499834488e-11,1.213113284133639e-06,0.0,1.646727644432288e-117
mhw_days,0.0020593015946078533,1.6188823489410103e-09,1.47115663124547e-07,9.27359101006366e-10,7.291936677703674e-10,1.816637207531602e-05,1.646727644432288e-117,0.0
