,O2,CO2,Temperature,Salinity,pH,EC50,mhw_peak_intensity,mhw_days
O2,1.0,-0.7758183053847734,-0.7778508321347852,-0.7680042989679314,0.7992508416178027,0.01037048512643078,-0.055603086570786955,-0.11422930074436968
CO2,-0.7758183053847734,1.0,0.9900333486115281,0.5474893711178896,-0.9981666166174076,-0.07199194419929979,0.14747160756191208,0.1646315914056164
Temperature,-0.7778508321347852,0.9900333486115281,1.0,0.5171595201593147,-0.9915348263817546,-0.06768154045167082,0.14857641896847226,0.16355450619618006
Salinity,-0.7680042989679314,0.5474893711178896,0.5171595201593147,1.0,-0.5631426719982298,0.0064701620736079555,0.05722923085981774,0.10068451280734313
pH,0.7992508416178027,-0.9981666166174076,-0.9915348263817546,-0.5631426719982298,1.0,0.06963170197808223,-0.14444718633645356,-0.1631042492643665
EC50,0.01037048512643078,-0.07199194419929979,-0.06768154045167082,0.0064701620736079555,0.06963170197808223,1.0,-0.17809133701373192,-0.14782082960474832
mhw_peak_intensity,-0.055603086570786955,0.14747160756191208,0.14857641896847226,0.05722923085981774,-0.14444718633645356,-0.17809133701373192,1.0,0.9358239815050577
mhw_days,-0.11422930074436968,0.1646315914056164,0.16355450619618006,0.10068451280734313,-0.1631042492643665,-0.14782082960474832,0.9358239815050577,1.0
