,O2,CO2,Temperature,Salinity,pH,EC50,mhw_peak_intensity,mhw_days
O2,1.0,-0.7600195982361586,-0.758903763177443,-0.4567274106620726,0.800970428790441,-0.06787311722590128,-0.07055601845145,-0.08315980673577636
CO2,-0.7600195982361586,1.0,0.9184397275212972,0.3258238371449795,-0.9696322169714402,-0.3090041251126108,0.18508353088399548,0.17214470216979944
Temperature,-0.758903763177443,0.9184397275212972,1.0,0.1866510723712285,-0.9125160025920247,-0.30192979406047,0.1651589476738116,0.16494235697424062
Salinity,-0.4567274106620726,0.3258238371449795,0.1866510723712285,1.0,-0.2846011600891403,0.2375401052614942,0.03797443956486096,0.05531450550165968
pH,0.800970428790441,-0.9696322169714402,-0.9125160025920247,-0.2846011600891403,1.0,0.3276066444342589,-0.2080981334969024,-0.19266405826629088
EC50,-0.06787311722590128,-0.3090041251126108,-0.30192979406047,0.2375401052614942,0.3276066444342589,1.0,0.08011263711819562,0.11844052734191998
mhw_peak_intensity,-0.07055601845145,0.18508353088399548,0.1651589476738116,0.03797443956486096,-0.2080981334969024,0.08011263711819562,1.0,0.9358239815050577
mhw_days,-0.08315980673577636,0.17214470216979944,0.16494235697424062,0.05531450550165968,-0.19266405826629088,0.11844052734191998,0.9358239815050577,1.0
