,O2,CO2,Temperature,Salinity,pH,EC50,mhw_peak_intensity,mhw_days
O2,1.0,-0.7681014223871365,-0.7335373537353734,-0.7073027302730273,0.7877707770777077,0.033315705975674244,-0.14307938760162806,-0.1046452240903346
CO2,-0.7681014223871365,1.0,0.9854421768707481,0.5956338899196042,-0.9982189239332095,-0.017609730301427814,0.25845838229136947,0.13569120660921305
Temperature,-0.7335373537353734,0.9854421768707481,1.0,0.5478187818781878,-0.9846864686468646,-0.016499206768905338,0.2636501366696667,0.12400565866686077
Salinity,-0.7073027302730273,0.5956338899196042,0.5478187818781878,1.0,-0.6063966396639664,0.1636171337916446,0.20616774751516645,0.21482025704773502
pH,0.7877707770777077,-0.9982189239332095,-0.9846864686468646,-0.6063966396639664,1.0,0.033262823902696984,-0.2503677394284899,-0.12971857378780294
EC50,0.033315705975674244,-0.017609730301427814,-0.016499206768905338,0.1636171337916446,0.033262823902696984,1.0,-0.004866778251600155,0.07307493125852157
mhw_peak_intensity,-0.14307938760162806,0.25845838229136947,0.2636501366696667,0.20616774751516645,-0.2503677394284899,-0.004866778251600155,1.0,0.8636858878232531
mhw_days,-0.1046452240903346,0.13569120660921305,0.12400565866686077,0.21482025704773502,-0.12971857378780294,0.07307493125852157,0.8636858878232531,1.0
