{
  "optimal_lag": 2,
  "exog_vars": [
    "CO2",
    "Temperature",
    "mhw_lagged"
  ],
  "scenarios": {
    "bad": {
      "final_mean": 31.091705769056162,
      "final_ci_lower": 8.677237193886121,
      "final_ci_upper": 53.5061743442262
    },
    "mean": {
      "final_mean": 33.99437732683281,
      "final_ci_lower": 11.57990875166277,
      "final_ci_upper": 56.40884590200285
    },
    "good": {
      "final_mean": 35.583637314326694,
      "final_ci_lower": 13.169168739156653,
      "final_ci_upper": 57.998105889496735
    }
  }
}