{
  "optimal_lag": 12,
  "exog_vars": [
    "pH",
    "Temperature",
    "mhw_lagged"
  ],
  "scenarios": {
    "bad": {
      "final_mean": 24.098217510491253,
      "final_ci_lower": 6.024890782307484,
      "final_ci_upper": 42.171544238675025
    },
    "mean": {
      "final_mean": 26.862501402540346,
      "final_ci_lower": 8.789174674356577,
      "final_ci_upper": 44.93582813072412
    },
    "good": {
      "final_mean": 28.200066624438705,
      "final_ci_lower": 10.126739896254936,
      "final_ci_upper": 46.27339335262248
    }
  }
}