{
  "optimal_lag": 2,
  "exog_vars": [
    "pH",
    "Temperature",
    "mhw_lagged"
  ],
  "scenarios": {
    "bad": {
      "final_mean": 11.814805733873126,
      "final_ci_lower": 0.0,
      "final_ci_upper": 30.12567721415195
    },
    "mean": {
      "final_mean": 21.094735722797417,
      "final_ci_lower": 2.783864242518593,
      "final_ci_upper": 39.405607203076244
    },
    "good": {
      "final_mean": 25.725396127738176,
      "final_ci_lower": 7.414524647459352,
      "final_ci_upper": 44.036267608017
    }
  }
}