{
  "optimal_lag": 2,
  "exog_vars": [
    "pH",
    "Temperature",
    "mhw_lagged"
  ],
  "scenarios": {
    "bad": {
      "final_mean": 19.387029333681895,
      "final_ci_lower": 1.1284580574485155,
      "final_ci_upper": 37.64560060991528
    },
    "mean": {
      "final_mean": 22.019276074486925,
      "final_ci_lower": 3.7607047982535455,
      "final_ci_upper": 40.27784735072031
    },
    "good": {
      "final_mean": 23.326660772699455,
      "final_ci_lower": 5.068089496466076,
      "final_ci_upper": 41.58523204893284
    }
  }
}