{
  "optimal_lag": 2,
  "exog_vars": [
    "pH",
    "Temperature",
    "mhw_lagged"
  ],
  "scenarios": {
    "bad": {
      "final_mean": 14.260422704895904,
      "final_ci_lower": 0.0,
      "final_ci_upper": 32.333749433079674
    },
    "mean": {
      "final_mean": 21.851550135293266,
      "final_ci_lower": 3.778223407109497,
      "final_ci_upper": 39.92487686347704
    },
    "good": {
      "final_mean": 25.53269172588098,
      "final_ci_lower": 7.459364997697211,
      "final_ci_upper": 43.60601845406475
    }
  }
}