{
  "optimal_lag": 2,
  "scenarios": {
    "bad": {
      "final_mean": 15.820532443793633,
      "final_ci_lower": 0.0,
      "final_ci_upper": 39.32144268805197
    },
    "mean": {
      "final_mean": 34.09375090294802,
      "final_ci_lower": 10.592840658689681,
      "final_ci_upper": 57.59466114720635
    },
    "good": {
      "final_mean": 51.212482106065046,
      "final_ci_lower": 27.71157186180671,
      "final_ci_upper": 74.71339235032337
    }
  }
}