{
  "O2": {
    "1": 0.14023546061907988,
    "2": 0.5211042423481688,
    "3": 0.7136438659188786,
    "4": 0.10751212955170131,
    "5": 0.3587277211284388,
    "6": 0.268754860736253,
    "7": 0.33303203261038367,
    "8": 0.8583679317302773,
    "9": 0.26430808093015823,
    "10": 0.41897571142019435,
    "11": 0.45325478024006005,
    "12": 0.6415086798838241
  },
  "CO2": {
    "1": 0.002206107147962194,
    "2": 7.310869494160484e-06,
    "3": 0.00013070473361485253,
    "4": 0.0004792076172166431,
    "5": 0.00037087016577476125,
    "6": 0.0002304761859100823,
    "7": 0.0049614462073846715,
    "8": 0.009733932762368273,
    "9": 0.0006835536120872118,
    "10": 0.03556915063731901,
    "11": 0.04837280256598386,
    "12": 0.021871419581701315
  },
  "Temperature": {
    "1": 0.011266650186170409,
    "2": 2.3579773644416883e-08,
    "3": 1.0677704090211728e-08,
    "4": 1.6709023461298095e-06,
    "5": 7.561878252834153e-06,
    "6": 7.26017470482652e-07,
    "7": 7.449730958977155e-06,
    "8": 0.0015537751529590318,
    "9": 0.00020926001848058464,
    "10": 0.0004795015605014158,
    "11": 0.0008218874668200651,
    "12": 0.0012059638712486978
  },
  "Salinity": {
    "1": 0.937529514805951,
    "2": 0.8136641325965243,
    "3": 0.8757388714044958,
    "4": 0.7370821457944293,
    "5": 0.9145030737298852,
    "6": 0.5588447653910162,
    "7": 0.8281004983659617,
    "8": 0.8789682942315813,
    "9": 0.48595416637067523,
    "10": 0.6539178148576648,
    "11": 0.7074402393115553,
    "12": 0.7256038721679523
  },
  "pH": {
    "1": 0.03346120703066457,
    "2": 8.66885915111385e-05,
    "3": 0.0008998102925501601,
    "4": 0.003040559094280042,
    "5": 0.004654407873667321,
    "6": 0.0011198131065216482,
    "7": 0.02197732719661796,
    "8": 0.0880962143550848,
    "9": 0.0024569393202163864,
    "10": 0.0367135624123983,
    "11": 0.07356843909829577,
    "12": 0.06468798605947405
  },
  "EC50": {
    "1": 0.5717047523371429,
    "2": 0.5556932234271965,
    "3": 0.5307921935996158,
    "4": 0.5721955610128249,
    "5": 0.656984212516502,
    "6": 0.8089781641959023,
    "7": 0.5017967892617226,
    "8": 0.38568571526497875,
    "9": 0.4793663412365933,
    "10": 0.599126520636259,
    "11": 0.699660714128117,
    "12": 0.9341294957005714
  }
}