{
  "O2": {
    "1": 0.026991467562389536,
    "2": 0.07697191367585426,
    "3": 0.07864072673386169,
    "4": 0.028851670465104225,
    "5": 0.1168305335476388,
    "6": 0.23562565179556244,
    "7": 0.49817188773691523,
    "8": 0.4695531631755039,
    "9": 0.4603124391836553,
    "10": 0.5111360747379161,
    "11": 0.0764774178321073,
    "12": 0.04057452359771873
  },
  "CO2": {
    "1": 0.001650455011892164,
    "2": 3.899117899476062e-05,
    "3": 7.4274469473634126e-09,
    "4": 4.07411353036869e-09,
    "5": 2.6000172528108705e-07,
    "6": 4.002800784275845e-07,
    "7": 6.577310204979531e-09,
    "8": 2.5858967432687066e-09,
    "9": 1.1276098968243806e-09,
    "10": 9.716566920056094e-07,
    "11": 5.415271669151596e-06,
    "12": 6.848830288063246e-06
  },
  "Temperature": {
    "1": 0.03332503748935188,
    "2": 1.0344778138366831e-06,
    "3": 5.125932030822465e-08,
    "4": 3.922948441501515e-07,
    "5": 3.6899239757105254e-06,
    "6": 8.462101838226555e-06,
    "7": 1.9447422979922866e-06,
    "8": 0.00024343820182764578,
    "9": 0.00032560448499991133,
    "10": 0.0005783651567325227,
    "11": 4.8084189218020866e-05,
    "12": 6.191853779257118e-05
  },
  "Salinity": {
    "1": 0.7712442030892016,
    "2": 0.4882717423473668,
    "3": 0.6613010088316138,
    "4": 0.4005513515831791,
    "5": 0.5233893543711328,
    "6": 0.6067440933817535,
    "7": 0.7392241738749963,
    "8": 0.8748985162973443,
    "9": 0.9076652289910158,
    "10": 0.9383488703085688,
    "11": 0.9435911536195704,
    "12": 0.6860297983966628
  },
  "pH": {
    "1": 0.07922524650620373,
    "2": 0.003224965819501274,
    "3": 2.216978573312725e-07,
    "4": 3.82883197388317e-08,
    "5": 3.12109578247118e-06,
    "6": 9.051363308264407e-06,
    "7": 8.462747634816644e-07,
    "8": 2.7185299834197527e-07,
    "9": 1.2726470127490089e-07,
    "10": 6.867410787993823e-06,
    "11": 5.177189915864919e-06,
    "12": 7.508682342299936e-06
  },
  "EC50": {
    "1": 0.5727235707025274,
    "2": 0.546659240601109,
    "3": 0.5204344445959631,
    "4": 0.5584281820189831,
    "5": 0.6707225254256314,
    "6": 0.8097925953973292,
    "7": 0.5537739175034524,
    "8": 0.4407125472996607,
    "9": 0.5242328832495124,
    "10": 0.6477459901001134,
    "11": 0.7232205451981557,
    "12": 0.9276664166586739
  }
}