{
  "O2": {
    "1": 0.7390719748487597,
    "2": 0.8802397094222122,
    "3": 0.12987087607150602,
    "4": 0.05051610482277973,
    "5": 0.10639370189978199,
    "6": 0.13359094876260874,
    "7": 0.4227544854389171,
    "8": 0.4191887256680442,
    "9": 0.4343692912168417,
    "10": 0.5829718314538765,
    "11": 0.04424158352132335,
    "12": 0.05830507763572081
  },
  "CO2": {
    "1": 3.1672593865820355e-05,
    "2": 4.324853006810719e-08,
    "3": 2.0750520385245033e-11,
    "4": 3.5790053440496466e-10,
    "5": 6.446419295178598e-09,
    "6": 4.588179395353655e-10,
    "7": 2.512956770681158e-09,
    "8": 3.214473682977128e-08,
    "9": 6.12130248953432e-09,
    "10": 2.5445581823924624e-06,
    "11": 1.026061154411123e-05,
    "12": 7.599773626525953e-07
  },
  "Temperature": {
    "1": 0.0008275059668110368,
    "2": 2.8050554655833224e-13,
    "3": 1.9721632184645138e-14,
    "4": 8.89280284535566e-12,
    "5": 6.075244138722041e-11,
    "6": 1.0857471834630354e-11,
    "7": 7.164170063379314e-10,
    "8": 3.8409729861995535e-06,
    "9": 2.7614746955747452e-05,
    "10": 0.0001465112105761219,
    "11": 3.6178360615634325e-06,
    "12": 4.1061747033512036e-06
  },
  "Salinity": {
    "1": 0.752889992348162,
    "2": 0.9901224011933952,
    "3": 0.9412643300126963,
    "4": 0.8038965023111144,
    "5": 0.9352913259481168,
    "6": 0.9832923290617461,
    "7": 0.988723952973016,
    "8": 0.9829495852982728,
    "9": 0.9618655170494408,
    "10": 0.9663701070917541,
    "11": 0.9798446979339989,
    "12": 0.8919304244924621
  },
  "pH": {
    "1": 0.0007367207914308584,
    "2": 2.9674702052790523e-07,
    "3": 9.50048420091881e-12,
    "4": 1.5710866377053417e-10,
    "5": 8.850448684775612e-09,
    "6": 3.4390291267072615e-09,
    "7": 1.6781714045040586e-08,
    "8": 4.202913998145358e-08,
    "9": 1.2165253441094906e-07,
    "10": 1.708349868567721e-05,
    "11": 1.4392294734795196e-05,
    "12": 1.2333145889928072e-05
  },
  "EC50": {
    "1": 0.9764947225563151,
    "2": 0.9461345151258117,
    "3": 0.9696040211751168,
    "4": 0.9706738541625113,
    "5": 0.9453783530353396,
    "6": 0.9699274441599695,
    "7": 0.7220868259415166,
    "8": 0.8060244410326234,
    "9": 0.8471862536833841,
    "10": 0.9086044783721281,
    "11": 0.9514584389523753,
    "12": 0.9925618230598686
  }
}