{
  "O2": {
    "1": 0.02961046551372636,
    "2": 0.08334850582809214,
    "3": 0.0680526063618567,
    "4": 0.029575556549839385,
    "5": 0.10157970716415989,
    "6": 0.23179339501731588,
    "7": 0.4522653427503407,
    "8": 0.4278315167250184,
    "9": 0.43682849885869895,
    "10": 0.5018868121446107,
    "11": 0.06805721859142189,
    "12": 0.03569854389655149
  },
  "CO2": {
    "1": 0.0014595234000404707,
    "2": 3.070411476572251e-05,
    "3": 4.929119357333893e-09,
    "4": 3.2752644584057683e-09,
    "5": 1.9185136533799705e-07,
    "6": 3.2242039406338644e-07,
    "7": 5.960606051843747e-09,
    "8": 1.8208245747687058e-09,
    "9": 1.703688817915257e-10,
    "10": 1.1724133339920562e-07,
    "11": 2.469327461822021e-07,
    "12": 3.039344567371328e-07
  },
  "Temperature": {
    "1": 0.02889869653504442,
    "2": 5.119860819697704e-07,
    "3": 2.4535705278136974e-08,
    "4": 3.321392415692202e-07,
    "5": 1.7348643790895451e-06,
    "6": 7.410108177866566e-06,
    "7": 1.2831378310023628e-06,
    "8": 0.000103051001351683,
    "9": 1.632739901468277e-05,
    "10": 1.1585141765473963e-05,
    "11": 1.146032761849998e-07,
    "12": 8.303333753274105e-08
  },
  "Salinity": {
    "1": 0.7540513888292114,
    "2": 0.4818141826447146,
    "3": 0.6720297815421765,
    "4": 0.40407372583532575,
    "5": 0.47289036286849206,
    "6": 0.5464882773690076,
    "7": 0.6792620271023262,
    "8": 0.811074517927537,
    "9": 0.8562344579605363,
    "10": 0.8960313869198697,
    "11": 0.9108146958761649,
    "12": 0.6371720875519878
  },
  "pH": {
    "1": 0.0728665265355777,
    "2": 0.002583805142695065,
    "3": 1.3567518630603702e-07,
    "4": 3.351442539794031e-08,
    "5": 2.2660565371804337e-06,
    "6": 7.584753582567135e-06,
    "7": 7.60242039168797e-07,
    "8": 1.5166702180229995e-07,
    "9": 1.2713260497514866e-08,
    "10": 5.075466189957577e-07,
    "11": 1.517857298276895e-07,
    "12": 1.6873589646914072e-07
  },
  "EC50": {
    "1": 0.5710354439682718,
    "2": 0.5492181730481853,
    "3": 0.5557285761605648,
    "4": 0.568791096749284,
    "5": 0.6327504171472541,
    "6": 0.7682778230551415,
    "7": 0.5666564033562849,
    "8": 0.6104079177848121,
    "9": 0.6481996718080274,
    "10": 0.7570843048494962,
    "11": 0.8030837225187546,
    "12": 0.9602455890541135
  }
}