{
  "O2": {
    "1": 0.030207976524616025,
    "2": 0.0848795768340922,
    "3": 0.0709371749138975,
    "4": 0.031592266215765274,
    "5": 0.10600812063856224,
    "6": 0.23471951797939405,
    "7": 0.4971277385607076,
    "8": 0.5242327491205092,
    "9": 0.5218733319636035,
    "10": 0.5541133412068687,
    "11": 0.08211734002226515,
    "12": 0.04366979019584526
  },
  "CO2": {
    "1": 0.001518941271334652,
    "2": 3.31327452133592e-05,
    "3": 5.744073886783181e-09,
    "4": 3.7110316728248135e-09,
    "5": 2.1576927852841648e-07,
    "6": 4.029225583316672e-07,
    "7": 7.287882682192195e-09,
    "8": 2.8921835646060576e-09,
    "9": 1.4583236451737762e-09,
    "10": 1.3543983855838192e-06,
    "11": 6.8545603668950775e-06,
    "12": 8.683944961975873e-06
  },
  "Temperature": {
    "1": 0.029486481512379915,
    "2": 5.693025891698487e-07,
    "3": 2.7536963040515047e-08,
    "4": 3.4372981825183364e-07,
    "5": 1.6939240679333038e-06,
    "6": 8.153880108850961e-06,
    "7": 1.3068135202740997e-06,
    "8": 0.00016528266735812207,
    "9": 0.0002764215603125979,
    "10": 0.0003549039287344822,
    "11": 1.215633204809379e-05,
    "12": 1.2727940977119212e-05
  },
  "Salinity": {
    "1": 0.7549163295257476,
    "2": 0.4843989237738139,
    "3": 0.6746710738243754,
    "4": 0.4060597046773345,
    "5": 0.4775603035905537,
    "6": 0.5511572948747403,
    "7": 0.6827614188711828,
    "8": 0.8137396804044696,
    "9": 0.8584697686704172,
    "10": 0.8975628024410338,
    "11": 0.9119566136589142,
    "12": 0.6426095689854296
  },
  "pH": {
    "1": 0.07391435182026536,
    "2": 0.0026990894917452352,
    "3": 1.539139965524791e-07,
    "4": 3.45486084859059e-08,
    "5": 2.2729799475589764e-06,
    "6": 8.438049343459141e-06,
    "7": 9.120406589352085e-07,
    "8": 2.861614574720434e-07,
    "9": 1.460866161558007e-07,
    "10": 8.21247033487764e-06,
    "11": 5.518881365142124e-06,
    "12": 7.787447860460266e-06
  },
  "EC50": {
    "1": 0.5727235707025274,
    "2": 0.546659240601109,
    "3": 0.5204344445959631,
    "4": 0.5584281820189831,
    "5": 0.6707225254256314,
    "6": 0.8097925953973292,
    "7": 0.5537739175034524,
    "8": 0.4407125472996607,
    "9": 0.5242328832495124,
    "10": 0.6477459901001134,
    "11": 0.7232205451981557,
    "12": 0.9276664166586739
  }
}