{
  "O2": {
    "1": 0.028575034748933466,
    "2": 0.08071667195804277,
    "3": 0.07681328087939238,
    "4": 0.030853331887936535,
    "5": 0.10577087502730567,
    "6": 0.21677154774097923,
    "7": 0.44575243388791164,
    "8": 0.453988730288696,
    "9": 0.4374133863244048,
    "10": 0.45336080928710176,
    "11": 0.07235473052584038,
    "12": 0.040452118388434204
  },
  "CO2": {
    "1": 0.0015636758272568484,
    "2": 3.480843931123727e-05,
    "3": 6.387519785077106e-09,
    "4": 4.29224088828192e-09,
    "5": 2.590006262617199e-07,
    "6": 4.2144114792923683e-07,
    "7": 1.3378012290015198e-08,
    "8": 4.5215698500251125e-09,
    "9": 2.055385843572328e-09,
    "10": 1.6660020832380585e-06,
    "11": 8.905083824957445e-06,
    "12": 1.1233407298737208e-05
  },
  "Temperature": {
    "1": 0.030708114807608114,
    "2": 6.463627230967036e-07,
    "3": 3.0988144043891526e-08,
    "4": 3.460773962451819e-07,
    "5": 2.0741197990438366e-06,
    "6": 7.2961116788719464e-06,
    "7": 3.070327519557145e-06,
    "8": 0.00024345034506949152,
    "9": 0.00033855179230059246,
    "10": 0.0003698835284475263,
    "11": 1.309482703425947e-05,
    "12": 1.2947497420957319e-05
  },
  "Salinity": {
    "1": 0.773598123980388,
    "2": 0.4932482467765715,
    "3": 0.663214727762674,
    "4": 0.4031115270586191,
    "5": 0.5336166358463474,
    "6": 0.6172931560860749,
    "7": 0.7462196195379929,
    "8": 0.8756339209699416,
    "9": 0.9024403109171734,
    "10": 0.9318569563614563,
    "11": 0.9353793842675803,
    "12": 0.6796897933609578
  },
  "pH": {
    "1": 0.07420927588866474,
    "2": 0.0026661846188977515,
    "3": 1.5424337925266181e-07,
    "4": 3.640361595269102e-08,
    "5": 2.52187248947739e-06,
    "6": 8.234606890615376e-06,
    "7": 1.6881865493699184e-06,
    "8": 4.6495500555844135e-07,
    "9": 2.2041341430034777e-07,
    "10": 1.0687249562362127e-05,
    "11": 7.98527283017995e-06,
    "12": 1.1211324117076002e-05
  },
  "EC50": {
    "1": 0.5717047523371429,
    "2": 0.5556932234271965,
    "3": 0.5307921935996158,
    "4": 0.5721955610128249,
    "5": 0.656984212516502,
    "6": 0.8089781641959023,
    "7": 0.5017967892617226,
    "8": 0.38568571526497875,
    "9": 0.4793663412365933,
    "10": 0.599126520636259,
    "11": 0.699660714128117,
    "12": 0.9341294957005714
  }
}