{
  "O2": {
    "1": 0.24708746532388487,
    "2": 0.7318929597558641,
    "3": 0.9067411219020461,
    "4": 0.01988643708124412,
    "5": 0.1021051260899376,
    "6": 0.10105736996771109,
    "7": 0.1451720216980505,
    "8": 0.4428514075248404,
    "9": 0.029022821072331305,
    "10": 0.00908887609948823,
    "11": 0.00018684563184689467,
    "12": 0.0004541801918589087
  },
  "CO2": {
    "1": 0.0003841218648072341,
    "2": 9.114747629094318e-07,
    "3": 5.831887302833223e-07,
    "4": 1.3310524904678505e-06,
    "5": 3.26045485584147e-06,
    "6": 3.0993245525449567e-06,
    "7": 1.3270245875006947e-05,
    "8": 0.00015678073957777226,
    "9": 9.231260525574648e-06,
    "10": 0.001492773031927771,
    "11": 0.0002165371797559554,
    "12": 0.00016133092415170308
  },
  "Temperature": {
    "1": 0.0025514470799943264,
    "2": 8.227406640016938e-11,
    "3": 1.190578691553147e-12,
    "4": 4.435501310592356e-11,
    "5": 2.065135199267708e-09,
    "6": 4.879675815837213e-10,
    "7": 1.3830495414804742e-10,
    "8": 6.760356403094195e-07,
    "9": 3.4618838553493595e-07,
    "10": 1.203508002525711e-07,
    "11": 1.9014371189463074e-07,
    "12": 2.5869431707475414e-07
  },
  "Salinity": {
    "1": 0.9485854279623505,
    "2": 0.7357661452758562,
    "3": 0.6015412098969737,
    "4": 0.32530922070805135,
    "5": 0.5476691824118312,
    "6": 0.3273706859380501,
    "7": 0.5626922218671293,
    "8": 0.8284234666416774,
    "9": 0.5431761713600212,
    "10": 0.6518806840727192,
    "11": 0.6351082188747218,
    "12": 0.5278957991884774
  },
  "pH": {
    "1": 0.010742982822494997,
    "2": 5.076486144751432e-06,
    "3": 7.166534149181763e-06,
    "4": 1.3765760336413489e-05,
    "5": 5.442030782085649e-05,
    "6": 3.0008845655176867e-05,
    "7": 0.00022552604735295227,
    "8": 0.005676939912622023,
    "9": 0.0001126756696788364,
    "10": 0.0003487884813594263,
    "11": 1.2172505627294735e-05,
    "12": 1.2996128997042225e-05
  },
  "EC50": {
    "1": 0.5717047523371429,
    "2": 0.5556932234271965,
    "3": 0.5307921935996158,
    "4": 0.5721955610128249,
    "5": 0.656984212516502,
    "6": 0.8089781641959023,
    "7": 0.5017967892617226,
    "8": 0.38568571526497875,
    "9": 0.4793663412365933,
    "10": 0.599126520636259,
    "11": 0.699660714128117,
    "12": 0.9341294957005714
  }
}