{
  "O2": {
    "1": 0.029610465513721065,
    "2": 0.0833485058280853,
    "3": 0.06805260636185766,
    "4": 0.029575556549839795,
    "5": 0.10157970716415948,
    "6": 0.23179339501731186,
    "7": 0.4522653427503377,
    "8": 0.42783151672501823,
    "9": 0.4368284988586999,
    "10": 0.5018868121446035,
    "11": 0.06805721859142241,
    "12": 0.03569854389655253
  },
  "CO2": {
    "1": 0.0014595234000405583,
    "2": 3.0704114765725206e-05,
    "3": 4.9291193573337815e-09,
    "4": 3.2752644584057373e-09,
    "5": 1.9185136533799356e-07,
    "6": 3.224203940633921e-07,
    "7": 5.960606051843448e-09,
    "8": 1.8208245747686958e-09,
    "9": 1.7036888179152517e-10,
    "10": 1.1724133339921097e-07,
    "11": 2.469327461821939e-07,
    "12": 3.039344567371158e-07
  },
  "Temperature": {
    "1": 0.028898696535046838,
    "2": 5.119860819697596e-07,
    "3": 2.453570527813604e-08,
    "4": 3.32139241569212e-07,
    "5": 1.7348643790895582e-06,
    "6": 7.410108177866294e-06,
    "7": 1.2831378310024068e-06,
    "8": 0.00010305100135168494,
    "9": 1.6327399014683373e-05,
    "10": 1.1585141765474195e-05,
    "11": 1.1460327618500332e-07,
    "12": 8.303333753273849e-08
  },
  "Salinity": {
    "1": 0.7540513888292535,
    "2": 0.4818141826447422,
    "3": 0.6720297815421962,
    "4": 0.4040737258353203,
    "5": 0.4728903628684725,
    "6": 0.5464882773690053,
    "7": 0.679262027102326,
    "8": 0.8110745179275346,
    "9": 0.8562344579605392,
    "10": 0.8960313869198743,
    "11": 0.9108146958761637,
    "12": 0.6371720875519844
  },
  "pH": {
    "1": 0.07286652653557898,
    "2": 0.0025838051426950765,
    "3": 1.356751863060321e-07,
    "4": 3.351442539793844e-08,
    "5": 2.2660565371804303e-06,
    "6": 7.584753582567436e-06,
    "7": 7.602420391687931e-07,
    "8": 1.5166702180229905e-07,
    "9": 1.2713260497514755e-08,
    "10": 5.075466189957425e-07,
    "11": 1.517857298276888e-07,
    "12": 1.6873589646914355e-07
  },
  "EC50": {
    "1": 0.5710354439683116,
    "2": 0.5492181730481516,
    "3": 0.5557285761605814,
    "4": 0.5687910967492879,
    "5": 0.6327504171472405,
    "6": 0.7682778230551424,
    "7": 0.566656403356282,
    "8": 0.6104079177848092,
    "9": 0.6481996718080303,
    "10": 0.7570843048494955,
    "11": 0.8030837225187663,
    "12": 0.960245589054112
  }
}