{
  "O2": {
    "1": 0.7390719748488983,
    "2": 0.880239709422239,
    "3": 0.12987087607150602,
    "4": 0.0505161048227811,
    "5": 0.1063937018997838,
    "6": 0.13359094876261376,
    "7": 0.4227544854389171,
    "8": 0.4191887256680442,
    "9": 0.4343692912168417,
    "10": 0.5829718314538765,
    "11": 0.044241583521322445,
    "12": 0.05830507763571841
  },
  "CO2": {
    "1": 3.1672593865819826e-05,
    "2": 4.324853006810422e-08,
    "3": 2.0750520385245033e-11,
    "4": 3.5790053440496466e-10,
    "5": 6.446419295178598e-09,
    "6": 4.588179395353655e-10,
    "7": 2.5129567706812426e-09,
    "8": 3.214473682977128e-08,
    "9": 6.121302489534615e-09,
    "10": 2.544558182392285e-06,
    "11": 1.0260611544111375e-05,
    "12": 7.599773626525953e-07
  },
  "Temperature": {
    "1": 0.0008275059668110579,
    "2": 2.8050554655833224e-13,
    "3": 1.9721632184645138e-14,
    "4": 8.892802845355502e-12,
    "5": 6.075244138721943e-11,
    "6": 1.0857471834630354e-11,
    "7": 7.164170063379204e-10,
    "8": 3.8409729861995535e-06,
    "9": 2.7614746955747096e-05,
    "10": 0.0001465112105761128,
    "11": 3.6178360615634325e-06,
    "12": 4.1061747033512036e-06
  },
  "Salinity": {
    "1": 0.752889992348162,
    "2": 0.9901224011934552,
    "3": 0.9412643300126591,
    "4": 0.8038965023111144,
    "5": 0.9352913259481289,
    "6": 0.9832923290617461,
    "7": 0.988723952973016,
    "8": 0.9829495852982728,
    "9": 0.9618655170494431,
    "10": 0.9663701070917512,
    "11": 0.9798446979340026,
    "12": 0.8919304244924686
  },
  "pH": {
    "1": 0.0007367207914308658,
    "2": 2.9674702052791026e-07,
    "3": 9.500484200919498e-12,
    "4": 1.5710866377052861e-10,
    "5": 8.850448684775912e-09,
    "6": 3.439029126707147e-09,
    "7": 1.6781714045040867e-08,
    "8": 4.202913998145358e-08,
    "9": 1.2165253441094734e-07,
    "10": 1.7083498685677644e-05,
    "11": 1.4392294734794835e-05,
    "12": 1.2333145889928072e-05
  },
  "EC50": {
    "1": 0.9764947225559011,
    "2": 0.946134515125826,
    "3": 0.9696040211751062,
    "4": 0.9706738541624992,
    "5": 0.9453783530353452,
    "6": 0.9699274441599695,
    "7": 0.7220868259415236,
    "8": 0.8060244410326234,
    "9": 0.8471862536833841,
    "10": 0.9086044783721227,
    "11": 0.9514584389523753,
    "12": 0.9925618230598693
  }
}