{
  "O2": {
    "kruskal_stat": 1.4736739794501545,
    "kruskal_p": 0.22476691596231577,
    "mannwhitney_stat": 10158.0,
    "mannwhitney_p": 0.22505752165728454,
    "n_pre": 156,
    "n_post": 120,
    "mean_pre": 237.8188151282051,
    "mean_post": 236.0065045,
    "median_pre": 238.233535,
    "median_post": 235.33787999999998
  },
  "CO2": {
    "kruskal_stat": 6.515977043413727,
    "kruskal_p": 0.010690956893927097,
    "mannwhitney_stat": 7682.0,
    "mannwhitney_p": 0.010714323900585463,
    "n_pre": 156,
    "n_post": 120,
    "mean_pre": 40.17854060897436,
    "mean_post": 42.19079238333334,
    "median_pre": 38.5952785,
    "median_post": 40.260940500000004
  },
  "Temperature": {
    "kruskal_stat": 1.4296861982782048,
    "kruskal_p": 0.2318156579101336,
    "mannwhitney_stat": 8574.0,
    "mannwhitney_p": 0.23211272389791393,
    "n_pre": 156,
    "n_post": 120,
    "mean_pre": 18.484764528846153,
    "mean_post": 19.03912577916667,
    "median_pre": 18.115675,
    "median_post": 18.447976
  },
  "Salinity": {
    "kruskal_stat": 59.297982042025296,
    "kruskal_p": 1.3551543266006036e-14,
    "mannwhitney_stat": 4298.0,
    "mannwhitney_p": 1.36324504591376e-14,
    "n_pre": 156,
    "n_post": 120,
    "mean_pre": 37.90990308333333,
    "mean_post": 38.06416443333333,
    "median_pre": 37.934742,
    "median_post": 38.066148999999996
  },
  "pH": {
    "kruskal_stat": 6.19387207257239,
    "kruskal_p": 0.012819339864698201,
    "mannwhitney_stat": 10996.0,
    "mannwhitney_p": 0.01284678950967522,
    "n_pre": 156,
    "n_post": 120,
    "mean_pre": 8.092889528205129,
    "mean_post": 8.076183284166667,
    "median_pre": 8.099783,
    "median_post": 8.083784999999999
  },
  "EC50": {
    "kruskal_stat": 94.20570203936231,
    "kruskal_p": 2.843802936788516e-22,
    "mannwhitney_stat": 5937.0,
    "mannwhitney_p": 2.8924614502822255e-22,
    "n_pre": 87,
    "n_post": 72,
    "mean_pre": 46.982703065134096,
    "mean_post": 27.710671296296297,
    "median_pre": 46.81,
    "median_post": 27.3325
  }
}