{
  "O2": {
    "kruskal_stat": 1.5214955547437512,
    "kruskal_p": 0.21739331145614146,
    "mannwhitney_stat": 10088.0,
    "mannwhitney_p": 0.21767875927939873,
    "n_pre": 156,
    "n_post": 119,
    "mean_pre": 237.8188151282051,
    "mean_post": 235.9680650420168,
    "median_pre": 238.233535,
    "median_post": 235.21748
  },
  "CO2": {
    "kruskal_stat": 6.744725649457109,
    "kruskal_p": 0.009402523443004868,
    "mannwhitney_stat": 7585.0,
    "mannwhitney_p": 0.0094234907839418,
    "n_pre": 156,
    "n_post": 119,
    "mean_pre": 40.17854060897436,
    "mean_post": 42.245916100840326,
    "median_pre": 38.5952785,
    "median_post": 40.409424
  },
  "Temperature": {
    "kruskal_stat": 1.574810526217334,
    "kruskal_p": 0.2095097817156112,
    "mannwhitney_stat": 8462.0,
    "mannwhitney_p": 0.2097877230237427,
    "n_pre": 156,
    "n_post": 119,
    "mean_pre": 18.484764528846153,
    "mean_post": 19.07432455462185,
    "median_pre": 18.115675,
    "median_post": 18.486227
  },
  "Salinity": {
    "kruskal_stat": 58.739364642177975,
    "kruskal_p": 1.8000390552105e-14,
    "mannwhitney_stat": 4274.0,
    "mannwhitney_p": 1.810801066718275e-14,
    "n_pre": 156,
    "n_post": 119,
    "mean_pre": 37.90990308333333,
    "mean_post": 38.06398984873949,
    "median_pre": 37.934742,
    "median_post": 38.063988
  },
  "pH": {
    "kruskal_stat": 6.422753716871398,
    "kruskal_p": 0.01126673250603706,
    "mannwhitney_stat": 10938.0,
    "mannwhitney_p": 0.011291361589171121,
    "n_pre": 156,
    "n_post": 119,
    "mean_pre": 8.092889528205129,
    "mean_post": 8.075726433613447,
    "median_pre": 8.099783,
    "median_post": 8.083711
  },
  "EC50": {
    "kruskal_stat": 94.20570203936231,
    "kruskal_p": 2.843802936788516e-22,
    "mannwhitney_stat": 5937.0,
    "mannwhitney_p": 2.8924614502822255e-22,
    "n_pre": 87,
    "n_post": 72,
    "mean_pre": 46.982703065134096,
    "mean_post": 27.710671296296297,
    "median_pre": 46.81,
    "median_post": 27.3325
  }
}