{
  "n_obs": 787,
  "n_events": 105,
  "params": {
    "Intercept": 57.70608690205659,
    "C(season)[T.Spring]": 0.9822966136438839,
    "C(season)[T.Summer]": -1.1994052454077242,
    "C(season)[T.Winter]": 1.718449958136667,
    "lag_post_end": -0.1622262373027376,
    "intensity_max": -1.0004004784676492,
    "lag_post_end:intensity_max": 0.028592448407922473,
    "duration_days": 0.019925597927329595,
    "time_index": -1.6452787163904532,
    "Group Var": 0.9699857372025554
  },
  "pvalues": {
    "Intercept": 2.0701327755874253e-269,
    "C(season)[T.Spring]": 0.06454707591565144,
    "C(season)[T.Summer]": 0.09590579000623023,
    "C(season)[T.Winter]": 0.0011641301663846085,
    "lag_post_end": 0.07989283355311533,
    "intensity_max": 0.41947930792669885,
    "lag_post_end:intensity_max": 0.7748764772627501,
    "duration_days": 0.42019746154753057,
    "time_index": 1.2978583964885433e-65,
    "Group Var": 6.740677392463529e-09
  },
  "tvalues": {
    "Intercept": 35.06804482965865,
    "C(season)[T.Spring]": 1.8483821720866669,
    "C(season)[T.Summer]": -1.665034916093548,
    "C(season)[T.Winter]": 3.247526026522596,
    "lag_post_end": -1.751308214283668,
    "intensity_max": -0.8073249242838548,
    "lag_post_end:intensity_max": 0.28600214684484043,
    "duration_days": 0.8060787185610055,
    "time_index": -17.107811139572707,
    "Group Var": 5.797260924053996
  }
}