{
  "n_obs": 787,
  "n_events": 105,
  "params": {
    "Intercept": 57.706086902057365,
    "C(season)[T.Spring]": 0.982296613643819,
    "C(season)[T.Summer]": -1.1994052454077904,
    "C(season)[T.Winter]": 1.718449958136597,
    "lag_post_end": -0.16222623730275168,
    "intensity_max": -1.0004004784678096,
    "lag_post_end:intensity_max": 0.028592448407933825,
    "duration_days": 0.019925597927331323,
    "time_index": -1.6452787163904916,
    "Group Var": 0.9699857372025608
  },
  "pvalues": {
    "Intercept": 2.0701327755695244e-269,
    "C(season)[T.Spring]": 0.06454707591566924,
    "C(season)[T.Summer]": 0.09590579000621194,
    "C(season)[T.Winter]": 0.0011641301663851576,
    "lag_post_end": 0.07989283355308939,
    "intensity_max": 0.4194793079266259,
    "lag_post_end:intensity_max": 0.7748764772626633,
    "duration_days": 0.42019746154749127,
    "time_index": 1.2978583964808075e-65,
    "Group Var": 6.740677392464762e-09
  },
  "tvalues": {
    "Intercept": 35.0680448296589,
    "C(season)[T.Spring]": 1.8483821720865437,
    "C(season)[T.Summer]": -1.6650349160936397,
    "C(season)[T.Winter]": 3.2475260265224613,
    "lag_post_end": -1.7513082142838188,
    "intensity_max": -0.8073249242839814,
    "lag_post_end:intensity_max": 0.2860021468449537,
    "duration_days": 0.8060787185610737,
    "time_index": -17.107811139573055,
    "Group Var": 5.797260924053965
  }
}