variable,mean_all,mean_pre,mean_post,change_pct
O2,237.01794509090908,237.8188151282051,235.9680650420168,-0.7782185295938772
CO2,41.07315036727273,40.17854060897436,42.245916100840326,5.145471837780473
Temperature,18.739883230909093,18.484764528846153,19.07432455462185,3.189437576311382
Salinity,37.97658062909091,37.90990308333333,38.06398984873949,0.40645518155887417
pH,8.085462589090909,8.092889528205129,8.075726433613447,-0.21207622483744168
EC50,38.37413607594937,46.982703065134096,27.8256103286385,-40.774777709016256
mhw_peak_intensity,0.4044428425289257,0.2517178280011655,0.6046537859434684,140.21094999304887
mhw_days,8.425454545454546,5.57051282051282,12.168067226890756,118.43711017203198
