variable,mean_all,mean_pre,mean_post,change_pct
O2,237.03085398550726,237.8188151282051,236.0065045,-0.7620551919864302
CO2,41.05343268478261,40.17854060897436,42.19079238333334,5.008274924524061
Temperature,18.72579115942029,18.484764528846153,19.03912577916667,2.999017106522602
Salinity,37.976973235507245,37.90990308333333,38.06416443333333,0.40691570659229154
pH,8.08562594384058,8.092889528205129,8.076183284166667,-0.2064311390911414
EC50,38.14353105590062,46.982703065134096,27.751531531531537,-40.932450197557976
mhw_peak_intensity,0.450023355978261,0.26982363213869476,0.684282996969697,153.6038046578373
mhw_days,9.797101449275363,5.782051282051282,15.016666666666667,159.71175166297118
