variable,mean_all,mean_pre,mean_post,change_pct
O2,236.873839372549,236.96712551282047,236.726843030303,-0.10139907887960266
CO2,40.35737976862745,39.968451865384615,40.97023585858586,2.506436818156713
Temperature,18.609888737254902,18.52622964102564,18.74171519191919,1.1631376435946028
Salinity,37.81084887843137,37.769706692307686,37.87567898989899,0.28057484918961034
pH,8.091337356470587,8.094551207051282,8.086273107070706,-0.10226755960681835
EC50,38.37413607594937,46.982703065134096,27.8256103286385,-40.774777709016256
mhw_peak_intensity,0.36182603789661333,0.2517178280011655,0.5353298837924703,112.67062728270149
mhw_days,7.87843137254902,5.57051282051282,11.515151515151516,106.716183701224
