variable,mean_all,mean_pre,mean_post,change_pct
O2,237.03085398550726,237.8188151282051,236.0065045,-0.7620551919864302
CO2,41.05343268478261,40.17854060897436,42.19079238333334,5.008274924524061
Temperature,18.72579115942029,18.484764528846153,19.03912577916667,2.999017106522602
Salinity,37.976973235507245,37.90990308333333,38.06416443333333,0.40691570659229154
pH,8.08562594384058,8.092889528205129,8.076183284166667,-0.2064311390911414
EC50,38.25574528301887,46.982703065134096,27.710671296296297,-41.01941887447423
mhw_peak_intensity,0.40297746991106725,0.2517178280011655,0.5996150043939397,138.20919207644022
mhw_days,8.394927536231885,5.57051282051282,12.066666666666666,116.6168009205984
