{
  "mhw_peak_intensity": {
    "driver": "mhw_peak_intensity",
    "order": [
      1,
      0,
      3
    ],
    "aic": 399.9273438120011,
    "ljung_box_p": {
      "6": 0.9914942659420589,
      "12": 0.9970371586839271,
      "24": 0.9930799377269803
    },
    "white_noise": true
  },
  "mhw_days": {
    "driver": "mhw_days",
    "order": [
      2,
      0,
      1
    ],
    "aic": 2036.5234679202895,
    "ljung_box_p": {
      "6": 0.2920808321802989,
      "12": 0.2393619556802084,
      "24": 0.32248730470777204
    },
    "white_noise": true
  },
  "mhw_cum_intensity": {
    "driver": "mhw_cum_intensity",
    "order": [
      1,
      0,
      3
    ],
    "aic": 1943.296174409722,
    "ljung_box_p": {
      "6": 0.9392665438852134,
      "12": 0.9761976154884435,
      "24": 0.27026856738583804
    },
    "white_noise": true
  }
}