{
  "mhw_peak_intensity": {
    "driver": "mhw_peak_intensity",
    "order": [
      2,
      0,
      1
    ],
    "aic": 369.2374992918118,
    "ljung_box_p": {
      "6": 0.9584956041968548,
      "12": 0.9781757551615208,
      "24": 0.8437861883979819
    },
    "white_noise": true
  },
  "mhw_days": {
    "driver": "mhw_days",
    "order": [
      1,
      0,
      2
    ],
    "aic": 2028.1594968718766,
    "ljung_box_p": {
      "6": 0.9798274507397191,
      "12": 0.5195975479360977,
      "24": 0.5996251964909833
    },
    "white_noise": true
  },
  "mhw_cum_intensity": {
    "driver": "mhw_cum_intensity",
    "order": [
      2,
      0,
      1
    ],
    "aic": 1878.0994396290946,
    "ljung_box_p": {
      "6": 0.9312437741174627,
      "12": 0.9608845421943957,
      "24": 0.6201192650880587
    },
    "white_noise": true
  }
}