{
  "mhw_peak_intensity": {
    "driver": "mhw_peak_intensity",
    "order": [
      1,
      0,
      3
    ],
    "aic": 399.9273438120169,
    "ljung_box_p": {
      "6": 0.9914942659213355,
      "12": 0.9970371586799996,
      "24": 0.9930799377388168
    },
    "white_noise": true
  },
  "mhw_days": {
    "driver": "mhw_days",
    "order": [
      2,
      0,
      1
    ],
    "aic": 2036.5234678782545,
    "ljung_box_p": {
      "6": 0.29208088490275647,
      "12": 0.23936126846030253,
      "24": 0.3224866637241994
    },
    "white_noise": true
  },
  "mhw_cum_intensity": {
    "driver": "mhw_cum_intensity",
    "order": [
      1,
      0,
      3
    ],
    "aic": 1943.2961744109166,
    "ljung_box_p": {
      "6": 0.9392665566539907,
      "12": 0.9761976278722717,
      "24": 0.2702686282930078
    },
    "white_noise": true
  }
}