{
  "n_obs": 157,
  "cv_r2_trend_only": [
    -0.08788106396153217,
    -1.480768630841169,
    -2.7801351617164394,
    -3.087998850870995,
    -0.02327393903350239
  ],
  "cv_r2_trend_only_mean": -1.4920115292847274,
  "cv_r2_with_mhw": [
    -2.4141674468423915,
    -2.375089881926797,
    -2.8104661150010672,
    -4.819303944470639,
    -0.05051534333822505
  ],
  "cv_r2_with_mhw_mean": -2.493908546315824,
  "mhw_helps_out_of_sample": false
}